date,sw_in,lw_out,es,flux,DOY_x,rso,H_corr,energy,ebr_5day_clim,vpd,t_max,H,lw_in,LE,t_avg,t_dew,t_min,flux_corr,vp,EToF,DOY_y,LE_corr,wd,ws,ebc_cf,sw_out,ebr_corr,Rn,ebr,EToF_filtered,rh,G,Rn_subday_gaps,ET,ppt,gridMET_ETr,H_subday_gaps,ET_corr,gridMET_prcp,ET_fill,ET_fill_val,G_subday_gaps,gridMET_ETo,LE_subday_gaps,ET_gap,3x3_ENSEMBLE
5/31/2008,276.4858264,382.860625,1.393437271,186.4505347,137,355.3857233,65.3815849,154.0855625,1.15918925,0.576924077,16.61129032,76.91322222,303.9929861,109.5373125,10.81029861,3.489073675,5.051612903,158.3714781,0.816513194,0.801140657,137,91.84612976,202.9575,3.397659722,0.850071724,35.84318056,1.020392256,161.6585,1.210045456,0.803531827,65.12929861,7.5729375,0,118.5218486,129.053,166.4000092,0,99.3992544,47.80000305,104.2690908,,0,131.8000031,0,1,110.2088056
6/30/2008,333.9483958,401.0052083,1.757913792,212.3497847,167.5,374.643008,54.86406025,190.1075208,1.087831913,0.891894347,20.84833333,60.28573611,301.5692361,152.0640486,14.27420833,4.224430746,7.579333333,196.7497043,0.866019444,0.957088746,167.5,141.8856441,208.8992361,2.694166667,0.928809804,41.1565625,1.034939089,193.3264306,1.116998338,0.952268178,55.90477083,3.218909722,0,159.7955694,11.13,201.1999969,0,149.1365145,4.800000191,150.2407868,,0,158.6999969,0,0,125.1024412
7/31/2008,327.2999194,413.7153226,2.318210982,201.8094086,198,362.3809419,15.82899236,206.1385484,0.958442794,1.191906547,26.85709677,15.31601478,324.1891129,186.4933938,19.09034274,8.30672679,11.69903226,209.1909273,1.126304435,1.106705883,198,193.361935,189.952621,1.784596774,1.036135185,45.90623656,1.014807415,191.861875,0.978998883,1.108691573,54.17469758,-14.27667339,0,203.3978071,2.03,244.6000061,0,210.8924534,0.600000024,212.1156549,,0,191.1999969,0,0,164.7628596
8/31/2008,289.3784005,401.0237231,2.135766516,176.8048589,229,319.8924684,17.70877007,163.0796976,0.999232183,1.014283989,25.63129032,18.77512097,323.9405914,158.0297379,17.46981855,8.122839276,9.622903226,164.0539989,1.121482527,1.028864285,229,146.3452289,196.3963038,1.818125,0.927661792,48.16502016,1.005974388,164.1297984,1.084162293,1.015622131,58.79614247,1.050100806,0,172.1279465,14.73,208.3000031,0,159.3908554,4.100000381,161.2953951,,0,159.4000092,0,0,138.4407149
9/30/2008,239.7023542,380.6473611,1.750321699,120.5534514,259.5,255.8124873,52.27406927,124.7270694,0.944988886,0.986093227,24.65566667,50.98402778,301.1854861,69.56942361,13.84880556,2.707568125,3.478666667,123.5488535,0.764228472,0.570179531,259.5,71.27478424,183.9870139,1.441763889,1.025248324,40.11744444,0.990553647,120.1270556,0.966537993,0.594770927,53.49488194,-4.600013889,0,73.09727499,0,185.1999969,0,74.88945389,0,78.93902716,,0,131.3000031,0,0,96.66172624
10/31/2008,148.9220486,347.4684812,1.104078601,67.6645,290,185.8327616,49.55650993,78.29372917,0.864384005,0.437510725,15.74322581,41.83661806,288.230578,25.82788194,7.5324375,0.403049409,0.234516129,79.2084256,0.672759028,0.68757242,290,29.64138288,182.3610887,1.805555556,1.188939914,23.99639785,1.011548353,65.73896528,0.864239074,0.521373755,66.88914651,-12.55476389,0,27.86326239,40.04,99.59999847,0,31.98887833,26.80000114,32.14868017,,0,68,0,1,40.6652136
11/30/2008,77.78879167,326.0846528,0.785967735,32.15897222,320.5,131.6471831,12.73950004,46.830125,0.704398718,0.121321207,8.434666667,8.215923611,299.4095833,23.94304861,2.982520833,0.736199716,-1.061,46.15504751,0.664646528,2.083420597,320.5,33.41554747,180.6627083,1.756069444,1.431683754,16.18296528,0.985584546,34.92904167,0.68671549,0.86480158,87.8000625,-11.90108333,0,24.90860711,233.24,45.10000229,0,34.76133941,77.19999695,21.02947088,,0,29.70000076,0,0,16.88622493
12/31/2008,70.88252016,298.9067204,0.551130442,4.940840054,351,109.3900348,-2.306978974,18.96936828,0.757039511,0.102016866,2.402580645,-3.983850806,272.3702957,8.92469086,-2.195625,-4.932683214,-6.07516129,9.85874803,0.449113575,0.943875308,351,12.165727,180.0907258,2.997426075,1.254249674,37.61545027,0.519719365,6.734193548,0.260464133,0.620942919,86.41357527,-12.23517473,0,9.544895387,176.47,30.39999962,0,13.01211941,135.3999939,12.61461991,,0,19.30000114,0,0,4.663034002
1/31/2009,93.85647177,305.1293683,0.600423284,21.60977823,16,123.5738988,8.375611945,38.40989919,0.724456201,0.119501913,4.914193548,5.936391129,266.862836,15.6733871,-0.847426075,-3.878407154,-5.339677419,31.71100626,0.480921371,1.457989809,16,23.33539432,179.8334677,2.203004032,1.493346101,30.07006048,0.825594624,25.51737231,0.562609605,0.799836577,84.47330645,-12.89252688,0,16.7784906,139.93,39,0,24.98189912,46,17.14496507,,0,25.60000038,0,0,16.11508282
2/28/2009,102.6739658,314.5877976,0.644951393,40.11314732,45.5,169.7338372,18.69166639,45.67896577,0.887834299,0.150401542,5.046785714,15.19851935,275.9923363,24.91462798,0.376852679,-3.263707429,-3.343571429,47.43249098,0.494549851,0.952776783,45.5,28.74082459,184.0989583,2.418720238,1.166043476,21.91598958,1.038388023,42.15944196,0.87815358,0.892850563,80.0603497,-3.51952381,0,24.1101884,90.51,52.40000153,0,27.81717135,50.09999847,30.07773677,,0,36.40000153,0,0,25.44812554
3/31/2009,172.9925605,327.7175403,0.732237964,88.99682796,75,236.3798628,36.37011052,77.91241935,0.998956018,0.212166055,6.421935484,39.28333333,271.5179435,49.71349462,1.942157258,-2.755175664,-1.994516129,85.72827482,0.520071909,1.015650042,75,49.35816431,210.0795027,3.595383065,1.024518763,29.87971102,1.100315913,86.91385753,1.142267545,0.932400035,74.75372312,9.001438172,0,53.34482933,146.61,75.30000305,0,52.95828364,85.20000458,52.49365917,,0,57,0,0,47.55187446
4/30/2009,261.0726111,354.1344444,0.975854357,153.0469306,105.5,305.0674841,68.27747714,135.5232083,1.111881815,0.435841162,11.309,76.33438194,268.8692361,76.71254861,5.5698125,-2.437711967,0.461666667,136.804358,0.540013194,0.85156583,105.5,68.52688084,211.6361806,3.627222222,0.892937569,29.60213194,1.00945336,146.2029931,1.129304216,0.840119419,61.65757639,10.67978472,0,79.92669216,31.44,122.5,0,71.39686022,21.80000114,76.50122135,,0,94.20000458,0,0,90.77550131
5/31/2009,288.2866465,386.8417339,1.504789756,173.8231116,136,354.2366688,57.08067591,150.8602621,1.157049298,0.69136973,18.01548387,65.00997312,301.0016801,108.8131384,11.89238575,3.298978729,5.872580645,152.4728283,0.813420027,0.836738072,136,95.3921524,203.0259409,3.236982527,0.882451271,30.6,1.010689138,171.8466129,1.152212711,0.839449031,61.25078629,20.98635081,0,117.9360744,152.03,168.1999969,0,103.3778757,56.90000153,108.4581877,,0,134.1000061,0,0,113.5470793
6/30/2009,302.0201319,399.061875,1.726258993,196.79575,166.5,374.511922,50.28705979,181.9497083,1.094671661,0.736881909,20.69833333,55.63150694,317.5457639,141.1642431,14.49815972,6.413028427,8.856333333,183.4617589,0.989377083,1.004434625,166.5,133.1746991,195.8023611,2.360916667,0.931480769,32.46925,1.008310267,188.0392222,1.081594204,0.996557494,63.20467361,6.089513889,0,148.3734955,105.86,170.5,0,140.00644,33.60000229,139.9810964,,0,139.5,0,0,114.9899738
7/31/2009,328.5113038,414.8442204,2.407107227,189.6556788,197,363.2673631,20.36647526,203.7036828,0.957464597,1.283314217,27.50096774,18.99197581,327.3630376,170.663703,19.52607527,8.154439141,11.48225806,201.5641988,1.123793011,1.029877905,197,181.1977235,179.1387769,1.583057796,1.062267936,41.01755376,0.989497077,198.967379,0.931037064,1.03441087,52.6271707,-4.736303763,0,186.226039,0,248.6000061,0,197.7082156,0,199.4974526,,0,194.1000061,0,0,176.5374891
8/31/2009,283.0736089,397.8898522,2.070405946,163.4645632,228,321.6811808,25.04227159,165.4531183,1.001281603,1.064913338,25.51387097,24.82778898,318.2448253,138.6367742,16.98019489,6.599895587,8.219354839,164.5634064,1.005492608,0.941097052,228,139.5211348,185.2186828,1.714045699,1.009111638,44.40761425,0.994622574,160.3422379,0.987981157,0.939631693,55.59022849,-5.110880376,0,150.9297044,47.98,217.1999969,0,151.8926397,4.300000191,152.6371333,,0,163.6000061,0,0,145.6604185
9/30/2009,233.0771042,383.7314583,1.802882454,117.7851389,258.5,258.122812,49.27868293,121.6880625,0.944869778,1.021549121,24.30466667,47.1974375,304.5093056,70.58770139,14.32409722,2.851133041,4.762,123.8288494,0.781333333,0.651712969,258.5,74.55016649,191.1068056,1.9291875,1.048930295,39.92375,1.017592415,113.9316042,0.967926816,0.644856543,52.35479167,-7.756458333,0,74.18741217,0.75,186.6000061,0,78.35225315,3.100000143,82.56789709,,0,130.9000092,0,0,90.663034
10/31/2009,138.4934341,344.3672043,1.012813613,63.46658602,289,187.9903745,41.55287842,71.95663306,0.869417419,0.344357296,13.56516129,37.84988575,291.6862231,25.61670027,6.265228495,0.571155515,-0.611935484,69.9607561,0.668456317,0.804503416,289,28.40787768,192.8264785,1.989341398,1.1143389,24.36740591,0.97226278,61.44722446,0.882011613,0.530249786,71.8697379,-10.5094086,0,27.60034963,43.87,82.30000305,0,30.60732813,25.40000153,30.32999038,,0,58.5,0,0,39.10767219
11/30/2009,93.41170833,315.8620833,0.685409151,34.95136111,319.5,132.9745222,16.66545972,48.62921528,0.707621272,0.169361929,6.904333333,12.4173125,277.1453472,22.53404861,0.851194444,-2.735183606,-4.222333333,48.14315832,0.516047222,1.699346914,319.5,31.4776986,166.8659028,1.821625,1.405324842,19.04130556,0.990004837,35.65213194,0.718731752,0.716524083,81.67333333,-12.97708333,0,23.38608733,85.41,49.5,0,32.664061,50.70000076,20.51553627,,0,32.20000076,0,0,24.99825632
12/31/2009,68.2616129,295.3137769,0.491391561,29.08446909,350,109.5408386,15.91762947,40.81979839,0.754710499,0.073781346,1.259032258,10.72926747,265.5619624,18.35520161,-3.90561828,-6.301131962,-8.873548387,42.14391952,0.417610215,1.489301761,350,26.22629004,143.2649866,1.559811828,1.445269843,18.88151882,1.032438208,19.62870968,0.712508886,1.017307786,89.63436828,-21.19108871,0,19.59695492,167.8,32.60000229,0,27.99848026,55.5,21.07744703,,0,21.10000038,0,0,14.44158675
1/31/2010,50.68836022,317.6897177,0.668291607,11.78817204,16,123.5738988,-6.719982962,22.6250336,0.724456201,0.091245908,4.16,-4.786579301,304.7537634,16.57475134,1.031028226,-1.049041121,-1.335483871,15.82644627,0.577045699,1.197030101,16,22.54642923,144.8399194,1.686834677,1.328707886,14.96688844,0.699510399,22.78663306,0.521023405,0.875268693,88.44475134,0.161599462,0,17.77801813,148.4,33.5,0,24.18532093,66.59999847,20.01541337,,0,22.89999962,0,0,2.111595466
2/28/2010,100.2124033,320.3147321,0.695775042,39.96333333,45.5,169.7338372,14.32984208,55.51209821,0.887834299,0.137644834,5.780357143,13.58899554,293.0752232,26.3743378,1.525081845,-1.660192082,-2.001071429,43.11956103,0.558130208,0.800824569,45.5,28.78971895,160.4192708,1.871651786,1.119592549,21.24572173,0.776759705,51.7286756,0.719903131,0.758898376,82.49769345,-3.783422619,0,25.556701,107.9,49.70000076,0,27.89665224,37.70000076,27.28138945,,0,35.40000153,0,0,14.3238884
3/31/2010,168.6621035,330.2177419,0.791505316,87.99752016,75,236.3798628,45.45148902,86.88793683,0.998956018,0.285869563,8.68516129,45.5252957,274.4454973,42.47222446,2.881633065,-2.998329193,-2.086129032,88.53510488,0.505635753,0.755384473,75,43.08361586,190.3766801,2.896512097,1.023678058,30.63719758,1.018957385,82.25406586,1.012770281,0.765224156,70.37990591,-4.633870968,0,45.60593497,62.42,98.70000458,0,46.25692421,36.70000076,51.93339724,,0,71.20000458,0,0,43.32083697
4/30/2010,211.4980417,339.2488889,0.853232493,124.6248611,105.5,305.0674841,58.30421451,110.7673889,1.111881815,0.326018604,9.353,64.641875,277.7884722,59.98298611,3.904381944,-2.432520383,-0.928666667,112.6475143,0.527213889,0.772613992,105.5,54.34329983,203.693125,3.258958333,0.908267709,35.54766667,1.016973637,114.4858264,1.12510426,0.758044364,68.25024306,3.7184375,0,62.38916235,72.83,107.7000046,0,56.51866512,49.40000153,59.93502605,,0,82.30000305,0,0,66.76503923
5/31/2010,264.4511425,358.9147177,1.05381334,169.8727352,136,354.2366688,77.61375196,146.492453,1.157049298,0.425262264,12.15806452,89.68548387,288.4559812,80.18725134,6.993111559,-0.196659945,2.124516129,146.8959675,0.628551075,0.778813641,136,69.28221556,209.2683468,3.372668011,0.863795697,38.07001344,1.002754508,155.9269892,1.159600592,0.790592413,64.44867608,9.43453629,0,86.41613652,51.29,128.9000092,0,74.66294398,19.39999962,79.44772494,,0,102.8000031,0,0,88.53879686
6/30/2010,312.0508472,391.6753472,1.626367179,198.4407083,166.5,374.511922,77.54097905,175.0001944,1.094671661,0.754331068,19.421,88.034125,308.0778472,110.4065833,13.43513194,4.483735054,7.363333333,175.3306564,0.872036111,0.752109371,166.5,97.7896773,201.961875,2.987180556,0.883505187,40.36480556,1.001888352,188.0889306,1.133945645,0.747569169,59.44059722,13.08873611,0,115.9170262,72.07,176.8000031,0,102.676221,24.89999962,104.3656036,,0,140.3000031,0,0,99.8788143
7/31/2010,332.6171102,413.4816532,2.339405813,190.0522446,197,363.2673631,38.87921474,195.5023253,0.957464597,1.262038205,27.07806452,37.96714382,324.6714382,152.0851008,19.05091398,7.48153252,10.82,198.0870773,1.077367608,0.907594949,197,159.2078625,188.9633065,1.805356183,1.045859176,42.86889113,1.013221081,200.9439516,0.972122681,0.904103957,52.49577285,5.441626344,0,165.8885667,55.37,247.4000092,0,173.6672465,0.600000024,173.4719342,,0,191.6999969,0,0,140.3103749
8/31/2010,288.0900202,396.8761425,2.047924064,164.3866129,228,321.6811808,28.7191591,173.8934677,1.001281603,1.068986564,24.89903226,26.80426075,319.7014785,137.5823522,16.63710349,6.267732938,7.623225806,175.1686679,0.9789375,0.999696212,228,146.4495088,191.4734543,1.659516129,1.068694969,40.79534946,1.007333227,170.1218683,0.945329431,0.9877288,55.57158602,-3.771599462,0,149.7812621,19.8,217,0,159.4258103,4.700000286,160.0716809,,0,163.5,0,0,129.7672188
9/30/2010,218.1632687,376.2551006,1.609848601,113.7222845,258.5,258.122812,50.88316966,126.0741092,0.944869778,0.712808371,21.53966667,45.77630747,311.2076868,67.94597701,12.81561063,4.921276271,4.211333333,126.3428402,0.89704023,0.810015744,258.5,74.62598969,198.6627874,1.521020115,1.111767948,32.57806034,0.995518907,120.5379454,0.90202727,0.769714172,64.60581178,-5.536163793,0,71.30492433,41.2137931,139.8000031,0,78.32689491,23,79.98656338,,0,104.2000046,0,1,73.21708806
