Date,ACRES,ET VOLUME (acft),ETC VOLUME (acft),ETO VOLUME (acft),PPT VOLUME (acft),PRZ VOLUME (acft),NIWR VOLUME (acft),CU VOLUME (acft),AW VOLUME (acft),ET RATE (inches),ETC RATE (inches),ETO RATE (inches),PPT RATE (inches),PRZ RATE (inches),NIWR RATE (inches),CU RATE (inches),AW RATE (inches)
1984-11-01,2698652.921,84816.078,156785.726,218126.687,1151783.394,83069.584,-238540.073,1746.494,3163.843,0.377,0.697,0.97,5.122,0.369,-1.061,0.008,0.014
1984-12-01,2698652.921,39235.19,84717.653,122106.463,394340.842,38459.94,-13972.058,775.25,1339.633,0.174,0.377,0.543,1.754,0.171,-0.062,0.003,0.006
1985-01-01,2698652.921,26751.099,48572.133,110814.331,64067.216,25933.501,2196.02,817.598,1359.204,0.119,0.216,0.493,0.285,0.115,0.01,0.004,0.006
1985-02-01,2698652.921,86457.492,127348.032,242807.042,343866.994,83059.763,11285.386,3397.729,5976.019,0.384,0.566,1.08,1.529,0.369,0.05,0.015,0.027
1985-03-01,2698652.921,260516.933,202119.161,478266.707,385533.385,245754.461,-27151.323,14762.472,24131.319,1.158,0.899,2.127,1.714,1.093,-0.121,0.066,0.107
1985-04-01,2698652.921,542127.837,540275.032,904932.011,162665.05,374184.21,403662.553,167943.627,246242.901,2.411,2.402,4.024,0.723,1.664,1.795,0.747,1.095
1985-05-01,2698652.921,821830.696,1118015.184,1144104.226,226808.15,354464.551,891712.994,467366.145,628678.672,3.654,4.971,5.087,1.009,1.576,3.965,2.078,2.796
1985-06-01,2698652.921,1169596.063,1606524.978,1474228.499,215961.764,281109.974,1426509.622,888486.089,1209800.902,5.201,7.144,6.555,0.96,1.25,6.343,3.951,5.38
1985-07-01,2698652.921,1275788.141,1835097.839,1735790.927,113660.508,143195.26,1721732.798,1132592.88,1530787.664,5.673,8.16,7.718,0.505,0.637,7.656,5.036,6.807
1985-08-01,2698652.921,858871.179,1178752.581,1337378.693,98481.198,103758.752,1081107.403,755112.427,994264.019,3.819,5.242,5.947,0.438,0.461,4.807,3.358,4.421
1985-09-01,2698652.921,481290.453,603282.382,722075.552,370798.096,330232.205,249077.431,151058.248,167980.619,2.14,2.683,3.211,1.649,1.468,1.108,0.672,0.747
1985-10-01,2698652.921,310891.74,212640.18,508221.85,345621.483,194706.863,-58418.357,116184.877,143664.294,1.382,0.946,2.26,1.537,0.866,-0.26,0.517,0.639
1985-11-01,2960623.635,101322.54,98289.756,201055.814,609084.223,98658.286,-188354.604,2664.255,4362.604,0.411,0.398,0.815,2.469,0.4,-0.763,0.011,0.018
1985-12-01,2960623.635,31839.148,60133.032,113354.411,327695.892,29291.707,-54006.531,2547.441,4166.448,0.129,0.244,0.459,1.328,0.119,-0.219,0.01,0.017
1986-01-01,2960623.635,65393.686,125894.29,194144.091,707793.204,64443.796,-120782.431,949.89,1668.828,0.265,0.51,0.787,2.869,0.261,-0.49,0.004,0.007
1986-02-01,2960623.635,132254.105,217398.781,282964.492,1149269.537,129251.368,-85658.498,3002.737,5379.108,0.536,0.881,1.147,4.658,0.524,-0.347,0.012,0.022
1986-03-01,2960623.635,359105.976,467810.059,627074.649,491066.498,340789.941,128183.54,18316.035,31747.069,1.456,1.896,2.542,1.99,1.381,0.52,0.074,0.129
1986-04-01,2960623.635,627790.382,782092.513,867075.939,252431.858,501985.234,541858.086,125805.149,186123.798,2.545,3.17,3.514,1.023,2.035,2.196,0.51,0.754
1986-05-01,2960623.635,980691.113,1325158.619,1253488.092,361356.24,592676.084,987388.061,388015.029,504706.588,3.975,5.371,5.081,1.465,2.402,4.002,1.573,2.046
1986-06-01,2960623.635,1296333.274,1694725.913,1624876.569,103070.47,363050.843,1592084.975,933282.432,1184864.49,5.254,6.869,6.586,0.418,1.472,6.453,3.783,4.802
1986-07-01,2960623.635,1229317.338,1581007.343,1623194.918,119297.157,192694.522,1462582.591,1036622.816,1295529.835,4.983,6.408,6.579,0.484,0.781,5.928,4.202,5.251
1986-08-01,2960623.635,1062643.633,1454196.421,1629189.102,31532.424,59607.388,1422699.276,1003036.246,1264936.163,4.307,5.894,6.603,0.128,0.242,5.766,4.066,5.127
1986-09-01,2960623.635,519570.018,697450.281,797550.352,548959.499,389114.422,194391.398,130455.596,133891.511,2.106,2.827,3.233,2.225,1.577,0.788,0.529,0.543
1986-10-01,2960623.635,325145.847,344212.884,552475.711,257567.706,183827.773,132960.937,141318.074,164804.392,1.318,1.395,2.239,1.044,0.745,0.539,0.573,0.668
1986-11-01,2598374.344,129748.773,137811.115,240551.659,549446.967,110726.156,-66589.325,19022.617,19346.008,0.599,0.636,1.111,2.537,0.511,-0.308,0.088,0.089
1986-12-01,2598374.344,46775.635,52758.436,110336.19,266625.356,44500.767,-46076.22,2274.868,2652.585,0.216,0.244,0.51,1.231,0.206,-0.213,0.011,0.012
1987-01-01,2598374.344,69162.68,93716.712,145309.099,602796.631,67944.123,-100840.818,1218.557,1825.913,0.319,0.433,0.671,2.784,0.314,-0.466,0.006,0.008
1987-02-01,2598374.344,125886.642,167996.739,262457.735,379136.581,121962.352,15355.256,3924.29,5761.563,0.581,0.776,1.212,1.751,0.563,0.071,0.018,0.027
1987-03-01,2598374.344,299904.909,325439.873,547893.187,485085.526,281109.774,76011.499,18795.134,24651.172,1.385,1.503,2.53,2.24,1.298,0.351,0.087,0.114
1987-04-01,2598374.344,606367.016,713642.833,967571.4,169629.243,381200.001,548183.848,225167.016,277342.662,2.8,3.296,4.469,0.783,1.76,2.532,1.04,1.281
1987-05-01,2598374.344,858531.517,1181620.27,1150494.51,275203.349,403828.934,909528.225,454702.583,577828.331,3.965,5.457,5.313,1.271,1.865,4.2,2.1,2.669
1987-06-01,2598374.344,1136123.118,1527175.137,1430142.947,189758.264,293080.282,1338440.851,843042.836,1036722.327,5.247,7.053,6.605,0.876,1.354,6.181,3.893,4.788
1987-07-01,2598374.344,1057921.993,1408133.082,1389534.583,330160.078,335419.234,1091857.534,722502.759,828307.696,4.886,6.503,6.417,1.525,1.549,5.042,3.337,3.825
1987-08-01,2598374.344,930713.066,1233187.066,1380249.248,34425.64,58014.632,1198789.658,872698.434,1084612.415,4.298,5.695,6.374,0.159,0.268,5.536,4.03,5.009
1987-09-01,2598374.344,540819.464,576226.819,964766.84,18353.259,25212.44,558583.674,515607.024,640558.632,2.498,2.661,4.456,0.085,0.116,2.58,2.381,2.958
1987-10-01,2598374.344,307248.965,179805.166,635111.931,14046.933,17932.564,165921.734,289316.401,370993.245,1.419,0.83,2.933,0.065,0.083,0.766,1.336,1.713
1987-11-01,2343096.348,80367.24,81758.982,190054.094,264057.791,77929.121,-143076.718,2438.118,2106.543,0.412,0.419,0.973,1.352,0.399,-0.733,0.012,0.011
1987-12-01,2343096.348,51658.869,102022.187,145975.054,700045.854,51352.936,-181387.409,305.933,137.724,0.265,0.522,0.748,3.585,0.263,-0.929,0.002,0.001
1988-01-01,2343096.348,37485.473,82285.877,124469.873,541107.567,37322.503,-102028.593,162.969,212.342,0.192,0.421,0.637,2.771,0.191,-0.523,0.001,0.001
1988-02-01,2343096.348,70688.828,104424.319,288763.699,106527.415,68924.145,50563.237,1764.683,1943.951,0.362,0.535,1.479,0.546,0.353,0.259,0.009,0.01
1988-03-01,2343096.348,241237.255,271064.556,528723.947,274063.791,227367.538,88179.021,13869.717,17380.115,1.235,1.388,2.708,1.404,1.164,0.452,0.071,0.089
1988-04-01,2343096.348,435501.148,602572.213,727258.746,392563.68,386330.95,252838.976,49170.198,49857.832,2.23,3.086,3.725,2.01,1.979,1.295,0.252,0.255
1988-05-01,2343096.348,675732.474,1016806.003,971270.36,275331.95,422359.662,760817.492,253372.812,292293.991,3.461,5.207,4.974,1.41,2.163,3.896,1.298,1.497
1988-06-01,2343096.348,914691.66,1255099.145,1190519.559,240776.218,359478.78,1023836.714,555212.881,635629.475,4.685,6.428,6.097,1.233,1.841,5.244,2.843,3.255
1988-07-01,2343096.348,1058191.052,1485802.281,1475671.333,20851.959,111666.517,1465025.324,946524.535,1107067.092,5.419,7.609,7.558,0.107,0.572,7.503,4.848,5.67
1988-08-01,2343096.348,817004.799,1169081.769,1264566.471,30647.744,86610.701,1138378.145,730394.099,850540.45,4.184,5.987,6.476,0.157,0.444,5.83,3.741,4.356
1988-09-01,2343096.348,511286.659,542802.53,858475.674,88661.385,103655.104,456504.959,407631.554,477946.456,2.619,2.78,4.397,0.454,0.531,2.338,2.088,2.448
1988-10-01,2343096.348,285992.227,156826.679,562011.51,18163.247,22951.46,139752.931,263040.768,315880.007,1.465,0.803,2.878,0.093,0.118,0.716,1.347,1.618
1988-11-01,2809219.11,84675.262,162768.989,222752.639,1127322.002,84558.37,-412281.309,116.892,194.627,0.362,0.695,0.952,4.816,0.361,-1.761,0.0,0.001
1988-12-01,2809219.11,35962.761,80724.175,137038.337,398272.921,35871.661,-56284.898,91.1,153.674,0.154,0.345,0.585,1.701,0.153,-0.24,0.0,0.001
1989-01-01,2809219.11,30384.737,103568.76,157574.798,548030.713,30294.201,-57221.338,90.535,137.558,0.13,0.442,0.673,2.341,0.129,-0.244,0.0,0.001
1989-02-01,2809219.11,73177.319,119278.71,214252.761,324337.389,72900.848,-8749.476,276.471,405.585,0.313,0.51,0.915,1.385,0.311,-0.037,0.001,0.002
1989-03-01,2809219.11,236008.02,346316.548,495537.456,879921.729,234702.435,-84356.086,1305.585,1950.061,1.008,1.479,2.117,3.759,1.003,-0.36,0.006,0.008
1989-04-01,2809219.11,576779.389,692133.494,945278.758,307152.786,545096.36,443115.532,31683.029,42996.407,2.464,2.957,4.038,1.312,2.328,1.893,0.135,0.184
1989-05-01,2809219.11,873356.552,1146313.899,1116083.565,342663.716,670724.066,810009.649,202632.486,266550.426,3.731,4.897,4.768,1.464,2.865,3.46,0.866,1.139
1989-06-01,2809219.11,1109183.624,1593372.901,1497976.647,120112.598,381343.535,1474387.208,727840.09,919653.361,4.738,6.806,6.399,0.513,1.629,6.298,3.109,3.928
1989-07-01,2809219.11,1175730.835,1694013.45,1630057.682,54149.822,160145.772,1640528.144,1015585.063,1216502.243,5.022,7.236,6.963,0.231,0.684,7.008,4.338,5.196
1989-08-01,2809219.11,888300.335,1213425.79,1268648.209,274650.783,301069.75,953169.389,587230.586,664753.909,3.795,5.183,5.419,1.173,1.286,4.072,2.508,2.84
1989-09-01,2809219.11,597283.372,773962.342,982670.462,193743.088,216945.303,585028.657,380338.069,457817.107,2.551,3.306,4.198,0.828,0.927,2.499,1.625,1.956
1989-10-01,2809219.11,307185.334,291751.849,512612.541,289636.639,186451.686,46520.224,120733.649,144454.697,1.312,1.246,2.19,1.237,0.796,0.199,0.516,0.617
1989-11-01,2683756.148,98763.223,101139.738,224963.381,377569.366,85595.24,-83788.914,13167.982,18800.501,0.442,0.452,1.006,1.688,0.383,-0.375,0.059,0.084
1989-12-01,2683756.148,49521.816,57851.161,136072.541,271544.286,40336.138,-13878.1,9185.679,11717.605,0.221,0.259,0.608,1.214,0.18,-0.062,0.041,0.052
1990-01-01,2683756.148,56025.517,115755.976,184675.449,906445.517,54967.662,-119281.231,1057.856,1457.226,0.251,0.518,0.826,4.053,0.246,-0.533,0.005,0.007
1990-02-01,2683756.148,105384.057,141212.538,280588.782,474410.633,99913.265,47914.313,5470.792,7478.805,0.471,0.631,1.255,2.121,0.447,0.214,0.024,0.033
1990-03-01,2683756.148,327083.355,311228.532,566742.153,351406.763,294024.772,99661.451,33058.583,44534.926,1.463,1.392,2.534,1.571,1.315,0.446,0.148,0.199
1990-04-01,2683756.148,579007.591,680804.049,831087.669,371872.515,444563.548,336303.283,134444.043,168245.474,2.589,3.044,3.716,1.663,1.988,1.504,0.601,0.752
1990-05-01,2683756.148,809404.827,1068965.807,1020927.749,443132.102,524220.538,635859.782,285184.289,333510.691,3.619,4.78,4.565,1.981,2.344,2.843,1.275,1.491
1990-06-01,2683756.148,1063540.581,1396682.509,1327184.336,192452.483,319143.916,1219252.767,744396.664,898034.64,4.755,6.245,5.934,0.861,1.427,5.452,3.328,4.015
1990-07-01,2683756.148,1165887.599,1570060.898,1611108.618,84823.669,179604.168,1485675.155,986283.431,1210279.774,5.213,7.02,7.204,0.379,0.803,6.643,4.41,5.412
1990-08-01,2683756.148,873814.793,1167206.102,1255752.022,243783.894,264953.406,924522.322,608861.387,723743.51,3.907,5.219,5.615,1.09,1.185,4.134,2.722,3.236
1990-09-01,2683756.148,634549.862,825051.174,987189.803,58176.31,74189.367,767915.715,560360.495,692896.279,2.837,3.689,4.414,0.26,0.332,3.434,2.506,3.098
1990-10-01,2683756.148,259081.227,279107.261,513453.633,479685.574,173919.644,-77963.665,85161.583,91137.591,1.158,1.248,2.296,2.145,0.778,-0.349,0.381,0.408
1990-11-01,2881688.052,98987.696,154502.589,284920.534,466951.495,91426.81,-36470.712,7560.886,6653.426,0.412,0.643,1.186,1.944,0.381,-0.152,0.031,0.028
1990-12-01,2881688.052,60324.138,97823.083,181394.923,339492.571,58420.864,-11503.718,1903.274,2902.286,0.251,0.407,0.755,1.414,0.243,-0.048,0.008,0.012
1991-01-01,2881688.052,62070.795,87635.913,188044.893,326991.592,57778.657,-37252.299,4292.139,7059.994,0.258,0.365,0.783,1.362,0.241,-0.155,0.018,0.029
1991-02-01,2881688.052,107966.214,170488.945,341861.111,351684.244,101694.84,39405.289,6271.374,9886.307,0.45,0.71,1.424,1.464,0.423,0.164,0.026,0.041
1991-03-01,2881688.052,240228.616,375290.743,548988.679,629161.224,236015.681,13788.982,4212.935,5359.427,1.0,1.563,2.286,2.62,0.983,0.057,0.018,0.022
1991-04-01,2881688.052,486118.613,628606.13,806645.217,477656.289,413121.468,301520.532,72997.146,81858.45,2.024,2.618,3.359,1.989,1.72,1.256,0.304,0.341
1991-05-01,2881688.052,784236.551,1010352.581,1031607.097,670776.913,626459.484,449556.747,157777.067,168947.431,3.266,4.207,4.296,2.793,2.609,1.872,0.657,0.704
1991-06-01,2881688.052,1044840.863,1339238.493,1303181.357,302521.368,529934.095,1041541.224,514906.769,585413.002,4.351,5.577,5.427,1.26,2.207,4.337,2.144,2.438
1991-07-01,2881688.052,1333806.597,1726971.733,1739907.487,65875.418,327916.839,1661191.469,1005889.758,1178516.999,5.554,7.192,7.245,0.274,1.366,6.918,4.189,4.908
1991-08-01,2881688.052,1034313.346,1398084.412,1503841.409,91115.402,175556.904,1307294.444,858756.442,1018284.156,4.307,5.822,6.262,0.379,0.731,5.444,3.576,4.24
1991-09-01,2881688.052,621930.07,794921.775,1103482.648,33977.358,77340.803,761919.941,544589.267,672401.501,2.59,3.31,4.595,0.141,0.322,3.173,2.268,2.8
1991-10-01,2881688.052,327359.735,365000.814,655241.462,288939.653,199511.42,108774.326,127848.315,141808.876,1.363,1.52,2.729,1.203,0.831,0.453,0.532,0.591
1991-11-01,2385799.574,71851.254,117974.587,173815.798,739897.151,70255.037,-166766.632,1596.217,1745.264,0.361,0.593,0.874,3.722,0.353,-0.839,0.008,0.009
1991-12-01,2385799.574,47313.63,74748.386,121429.31,411299.475,46420.919,-14148.592,892.712,1347.798,0.238,0.376,0.611,2.069,0.233,-0.071,0.004,0.007
1992-01-01,2385799.574,68733.111,92535.292,160865.839,386931.684,66868.37,-35533.773,1864.742,2566.193,0.346,0.465,0.809,1.946,0.336,-0.179,0.009,0.013
1992-02-01,2385799.574,82739.618,161828.674,255297.889,418756.343,81226.295,46971.706,1513.323,1588.28,0.416,0.814,1.284,2.106,0.409,0.236,0.008,0.008
1992-03-01,2385799.574,340901.897,363456.98,525142.036,161478.359,309255.124,221233.586,31646.773,35154.243,1.715,1.828,2.641,0.812,1.555,1.113,0.159,0.177
1992-04-01,2385799.574,541165.139,726141.777,734027.867,478060.103,405036.971,321500.042,136128.168,144424.301,2.722,3.652,3.692,2.405,2.037,1.617,0.685,0.726
1992-05-01,2385799.574,938031.161,1297867.513,1247828.373,50431.242,343962.117,1250703.017,594069.043,699250.306,4.718,6.528,6.276,0.254,1.73,6.291,2.988,3.517
1992-06-01,2385799.574,1000090.666,1288522.639,1285279.048,253095.989,312800.077,1036321.086,687290.589,812348.068,5.03,6.481,6.465,1.273,1.573,5.212,3.457,4.086
1992-07-01,2385799.574,942161.119,1215126.267,1340934.546,151974.793,178622.912,1064064.498,763538.206,896892.488,4.739,6.112,6.745,0.764,0.898,5.352,3.84,4.511
1992-08-01,2385799.574,779544.804,1032539.787,1281662.257,70742.618,83146.384,963565.23,696398.42,823395.755,3.921,5.193,6.446,0.356,0.418,4.847,3.503,4.141
1992-09-01,2385799.574,462533.315,474183.215,817221.395,127642.51,121433.754,349628.027,341099.562,388792.016,2.326,2.385,4.11,0.642,0.611,1.759,1.716,1.956
1992-10-01,2385799.574,255406.257,227758.088,451230.863,379577.098,204696.069,-113294.363,50710.187,44345.396,1.285,1.146,2.27,1.909,1.03,-0.57,0.255,0.223
1992-11-01,3013196.563,101267.8,149537.831,208463.379,584534.08,99250.043,-129396.449,2017.757,2403.122,0.403,0.596,0.83,2.328,0.395,-0.515,0.008,0.01
1992-12-01,3013196.563,48565.911,103064.384,146577.098,843589.757,47968.626,-150346.111,597.285,809.675,0.193,0.41,0.584,3.36,0.191,-0.599,0.002,0.003
1993-01-01,3013196.563,35398.577,96162.66,143383.47,729377.953,34718.217,-113548.631,680.359,1060.827,0.141,0.383,0.571,2.905,0.138,-0.452,0.003,0.004
1993-02-01,3013196.563,65281.741,150725.569,230743.04,316880.336,64781.815,-11903.705,499.926,725.64,0.26,0.6,0.919,1.262,0.258,-0.047,0.002,0.003
1993-03-01,3013196.563,167949.313,356784.037,518555.319,667153.153,165653.429,-1421.478,2295.883,3004.276,0.669,1.421,2.065,2.657,0.66,-0.006,0.009,0.012
1993-04-01,3013196.563,488331.728,598083.939,773324.264,709297.376,471381.321,136942.41,16950.406,19487.762,1.945,2.382,3.08,2.825,1.877,0.545,0.068,0.078
1993-05-01,3013196.563,1002681.69,1308938.428,1337207.527,536645.111,829401.455,825109.923,173280.236,189891.615,3.993,5.213,5.325,2.137,3.303,3.286,0.69,0.756
1993-06-01,3013196.563,1062677.215,1457621.473,1369635.12,463330.493,672566.998,1035107.107,390110.217,451285.055,4.232,5.805,5.455,1.845,2.678,4.122,1.554,1.797
1993-07-01,3013196.563,1099208.554,1555874.398,1485938.231,228791.198,404077.389,1328165.61,695131.164,794338.875,4.378,6.196,5.918,0.911,1.609,5.289,2.768,3.163
1993-08-01,3013196.563,1037106.942,1363112.885,1452506.564,223743.984,380738.638,1145258.744,656368.305,751934.372,4.13,5.429,5.785,0.891,1.516,4.561,2.614,2.995
1993-09-01,3013196.563,672670.006,682527.232,1106594.449,17990.139,110792.309,665255.486,561877.697,681039.027,2.679,2.718,4.407,0.072,0.441,2.649,2.238,2.712
1993-10-01,3013196.563,330577.7,260962.593,574999.293,211445.622,191177.909,53913.761,139399.791,148563.973,1.317,1.039,2.29,0.842,0.761,0.215,0.555,0.592
1993-11-01,2551708.372,112255.131,50568.642,238851.932,154779.026,84577.944,-87566.393,27677.187,26514.38,0.528,0.238,1.123,0.728,0.398,-0.412,0.13,0.125
1993-12-01,2551708.372,70940.439,89593.316,152338.977,488285.121,68419.0,-116311.722,2521.439,2448.65,0.334,0.421,0.716,2.296,0.322,-0.547,0.012,0.012
1994-01-01,2551708.372,77391.643,91329.773,163539.428,363873.176,72776.28,-41959.292,4615.363,5916.794,0.364,0.429,0.769,1.711,0.342,-0.197,0.022,0.028
1994-02-01,2551708.372,107140.565,147271.96,247066.201,432443.303,103717.343,-67909.082,3423.222,5256.781,0.504,0.693,1.162,2.034,0.488,-0.319,0.016,0.025
1994-03-01,2551708.372,305581.748,290675.601,628777.512,198678.22,258053.281,161809.898,47528.466,51033.508,1.437,1.367,2.957,0.934,1.214,0.761,0.224,0.24
1994-04-01,2551708.372,488455.661,668842.053,813582.914,266256.569,318138.63,441477.765,170317.031,192887.277,2.297,3.145,3.826,1.252,1.496,2.076,0.801,0.907
1994-05-01,2551708.372,740172.53,1148276.299,1102625.872,350104.042,379294.5,800761.627,360878.03,430086.194,3.481,5.4,5.185,1.646,1.784,3.766,1.697,2.023
1994-06-01,2551708.372,1055068.147,1377970.606,1327462.074,155888.686,243596.01,1223981.701,811472.137,919426.881,4.962,6.48,6.243,0.733,1.146,5.756,3.816,4.324
1994-07-01,2551708.372,1209496.011,1636556.645,1661545.423,44479.469,163157.271,1592141.683,1046338.739,1194646.953,5.688,7.696,7.814,0.209,0.767,7.487,4.921,5.618
1994-08-01,2551708.372,894701.336,1258391.406,1401872.247,11593.189,55313.312,1246830.352,839388.024,955741.001,4.208,5.918,6.593,0.055,0.26,5.864,3.947,4.495
1994-09-01,2551708.372,557341.935,734561.401,929748.728,115619.911,122728.926,619480.358,434613.009,491502.058,2.621,3.454,4.372,0.544,0.577,2.913,2.044,2.311
1994-10-01,2551708.372,271812.596,302054.138,500580.194,372488.07,164480.636,37857.468,107331.96,117120.477,1.278,1.42,2.354,1.752,0.774,0.178,0.505,0.551
1994-11-01,3159815.199,107192.779,152527.165,207584.386,983186.279,105956.137,-200783.085,1236.643,1689.997,0.407,0.579,0.788,3.734,0.402,-0.763,0.005,0.006
1994-12-01,3159815.199,58755.262,104705.955,163847.861,682054.949,57278.851,-69999.157,1476.411,2142.837,0.223,0.398,0.622,2.59,0.218,-0.266,0.006,0.008
1995-01-01,3159815.199,80151.351,146952.594,201619.525,1154791.319,79684.183,-213674.066,467.168,688.041,0.304,0.558,0.766,4.386,0.303,-0.811,0.002,0.003
1995-02-01,3159815.199,155110.998,217291.293,357598.998,418864.649,151911.267,131356.2,3199.731,3799.341,0.589,0.825,1.358,1.591,0.577,0.499,0.012,0.014
1995-03-01,3159815.199,378393.15,501242.421,636612.528,796001.103,366651.27,39212.041,11741.879,10825.539,1.437,1.904,2.418,3.023,1.392,0.149,0.045,0.041
1995-04-01,3159815.199,612261.077,764511.176,864395.045,707803.235,560243.653,180703.376,52017.424,51837.316,2.325,2.903,3.283,2.688,2.128,0.686,0.198,0.197
1995-05-01,3159815.199,1059420.566,1293190.94,1313305.023,382874.796,802017.785,955251.653,257402.782,312001.282,4.023,4.911,4.988,1.454,3.046,3.628,0.978,1.185
1995-06-01,3159815.199,1203002.399,1451297.578,1437624.906,479893.183,748316.281,978500.783,454686.118,531360.957,4.569,5.512,5.46,1.822,2.842,3.716,1.727,2.018
1995-07-01,3159815.199,1389158.283,1706002.596,1766690.258,189622.558,452266.483,1516497.665,936891.8,1134428.53,5.276,6.479,6.709,0.72,1.718,5.759,3.558,4.308
1995-08-01,3159815.199,1084625.864,1293971.366,1561709.324,123556.891,197271.123,1171002.665,887354.741,1066023.777,4.119,4.914,5.931,0.469,0.749,4.447,3.37,4.048
1995-09-01,3159815.199,670540.387,746254.462,1086459.194,191607.236,174241.982,562602.521,496298.405,588061.485,2.547,2.834,4.126,0.728,0.662,2.137,1.885,2.233
1995-10-01,3159815.199,320652.098,277866.042,604148.261,365395.216,170242.672,54560.107,150409.427,180901.14,1.218,1.055,2.294,1.388,0.647,0.207,0.571,0.687
1995-11-01,3070415.909,142026.911,145535.04,308425.221,895695.169,134138.716,-226022.339,7888.196,9543.062,0.555,0.569,1.205,3.501,0.524,-0.883,0.031,0.037
1995-12-01,3070415.909,57223.259,114806.448,151226.557,1205218.793,56663.681,-278103.324,559.577,950.043,0.224,0.449,0.591,4.71,0.221,-1.087,0.002,0.004
1996-01-01,3070415.909,48281.658,120946.459,161861.943,1074844.422,48121.928,-117453.707,159.73,251.412,0.189,0.473,0.633,4.201,0.188,-0.459,0.001,0.001
1996-02-01,3070415.909,180024.579,237134.833,336985.417,1079110.516,178858.111,-16838.153,1166.468,1799.279,0.704,0.927,1.317,4.217,0.699,-0.066,0.005,0.007
1996-03-01,3070415.909,349030.959,367728.087,634034.811,419263.528,341756.1,71893.29,7274.86,10963.117,1.364,1.437,2.478,1.639,1.336,0.281,0.028,0.043
1996-04-01,3070415.909,579146.362,759792.23,882094.799,650184.368,529349.48,362349.367,49796.882,64815.584,2.263,2.969,3.447,2.541,2.069,1.416,0.195,0.253
1996-05-01,3070415.909,910437.38,1152791.655,1129370.856,642745.507,745264.794,596191.73,165172.585,200016.42,3.558,4.505,4.414,2.512,2.913,2.33,0.646,0.782
1996-06-01,3070415.909,1249960.917,1555521.076,1545556.551,186182.839,608892.468,1370676.488,641068.449,766770.433,4.885,6.079,6.04,0.728,2.38,5.357,2.505,2.997
1996-07-01,3070415.909,1390344.446,1844441.36,1868892.882,87461.327,326076.464,1758094.914,1064267.982,1263243.382,5.434,7.209,7.304,0.342,1.274,6.871,4.159,4.937
1996-08-01,3070415.909,1070314.316,1358713.011,1615728.554,52988.452,152918.797,1306106.467,917395.519,1106537.728,4.183,5.31,6.315,0.207,0.598,5.105,3.585,4.325
1996-09-01,3070415.909,613024.799,669657.154,967112.822,240551.194,214014.443,451682.273,399010.356,463795.912,2.396,2.617,3.78,0.94,0.836,1.765,1.559,1.813
1996-10-01,3070415.909,320672.388,310182.915,560537.993,564217.187,244243.419,-54459.424,76428.969,79948.141,1.253,1.212,2.191,2.205,0.955,-0.213,0.299,0.312
1996-11-01,3084140.704,116354.128,122820.469,234903.862,1039601.101,112874.331,-241467.195,3479.797,4116.423,0.453,0.478,0.914,4.045,0.439,-0.94,0.014,0.016
1996-12-01,3084140.704,80983.208,131909.095,176033.379,1766129.537,79985.933,-242028.288,997.275,1316.5,0.315,0.513,0.685,6.872,0.311,-0.942,0.004,0.005
1997-01-01,3084140.704,71644.981,133105.987,183556.45,1000419.381,70944.518,-104593.735,700.463,1031.027,0.279,0.518,0.714,3.893,0.276,-0.407,0.003,0.004
1997-02-01,3084140.704,149482.653,174244.591,285306.98,301820.534,144940.137,58633.274,4542.516,6093.082,0.582,0.678,1.11,1.174,0.564,0.228,0.018,0.024
1997-03-01,3084140.704,371268.338,329330.558,670017.495,600580.671,334517.689,118874.505,36750.649,48814.21,1.445,1.281,2.607,2.337,1.302,0.463,0.143,0.19
1997-04-01,3084140.704,587548.211,658650.804,849952.604,502319.827,504554.05,237394.032,82994.162,89733.725,2.286,2.563,3.307,1.954,1.963,0.924,0.323,0.349
1997-05-01,3084140.704,1078946.077,1362361.178,1390144.63,301327.76,626666.654,1070303.683,452279.423,543734.734,4.198,5.301,5.409,1.172,2.438,4.164,1.76,2.116
1997-06-01,3084140.704,1187232.2,1473119.496,1434063.329,337820.371,501603.463,1146664.908,685628.737,790678.653,4.619,5.732,5.58,1.314,1.952,4.462,2.668,3.076
1997-07-01,3084140.704,1349740.379,1688781.441,1705901.861,224185.798,412166.856,1468481.722,937573.523,1070058.62,5.252,6.571,6.637,0.872,1.604,5.714,3.648,4.163
1997-08-01,3084140.704,1096294.456,1451826.694,1558312.879,148033.702,215232.64,1305093.077,881061.816,1045658.045,4.266,5.649,6.063,0.576,0.837,5.078,3.428,4.069
1997-09-01,3084140.704,677196.059,869399.832,1013678.745,344053.485,253485.681,555408.418,423710.378,494839.465,2.635,3.383,3.944,1.339,0.986,2.161,1.649,1.925
1997-10-01,3084140.704,343067.27,365453.141,564228.782,557930.594,222275.162,27414.343,120792.107,136819.174,1.335,1.422,2.195,2.171,0.865,0.107,0.47,0.532
1997-11-01,2829018.462,116404.643,131078.748,222545.834,430461.388,110197.09,-127790.073,6207.553,5607.57,0.494,0.556,0.944,1.826,0.467,-0.542,0.026,0.024
1997-12-01,2829018.462,60912.955,89371.97,134263.781,289456.097,58658.455,-26360.262,2254.5,2785.723,0.258,0.379,0.57,1.228,0.249,-0.112,0.01,0.012
1998-01-01,2829018.462,72402.484,127947.062,177741.64,875136.079,71313.282,-203697.88,1089.202,1608.714,0.307,0.543,0.754,3.712,0.302,-0.864,0.005,0.007
1998-02-01,2829018.462,124328.294,195959.632,255726.912,528022.368,122092.561,-45753.829,2235.734,3400.464,0.527,0.831,1.085,2.24,0.518,-0.194,0.009,0.014
1998-03-01,2829018.462,301559.824,325829.364,536131.619,463344.447,288328.057,50539.567,13231.766,18432.394,1.279,1.382,2.274,1.965,1.223,0.214,0.056,0.078
1998-04-01,2829018.462,577225.302,636551.341,834478.181,281958.936,471905.397,403575.68,105319.905,124071.044,2.448,2.7,3.54,1.196,2.002,1.712,0.447,0.526
1998-05-01,2829018.462,693429.204,907538.556,899983.512,928338.575,623273.493,58863.283,70155.711,49060.648,2.941,3.85,3.818,3.938,2.644,0.25,0.298,0.208
1998-06-01,2829018.462,1071468.819,1374567.33,1325446.946,275502.736,643478.823,1107355.079,427989.996,471040.322,4.545,5.831,5.622,1.169,2.729,4.697,1.815,1.998
1998-07-01,2829018.462,1349578.031,1696208.208,1689674.923,153841.881,414478.342,1542472.734,935099.69,1101241.107,5.725,7.195,7.167,0.653,1.758,6.543,3.966,4.671
1998-08-01,2829018.462,1093777.775,1463700.837,1549562.511,19135.4,140354.916,1444550.423,953422.859,1146570.261,4.64,6.209,6.573,0.081,0.595,6.127,4.044,4.863
1998-09-01,2829018.462,655648.957,854664.351,969344.688,225962.172,250009.121,632337.71,405639.836,484564.094,2.781,3.625,4.112,0.958,1.06,2.682,1.721,2.055
1998-10-01,2829018.462,336850.541,290185.011,551413.533,186805.523,118827.286,121224.493,218023.255,265584.587,1.429,1.231,2.339,0.792,0.504,0.514,0.925,1.127
1998-11-01,3190910.809,132168.305,166971.801,236378.523,1390138.003,130389.591,-405619.951,1778.714,1079.786,0.497,0.628,0.889,5.228,0.49,-1.525,0.007,0.004
1998-12-01,3190910.809,74375.296,142844.274,203015.295,921136.954,73969.558,-32944.704,405.738,597.292,0.28,0.537,0.763,3.464,0.278,-0.124,0.002,0.002
1999-01-01,3190910.809,71651.556,133574.659,198587.779,902798.227,71078.899,-101840.36,572.657,837.714,0.269,0.502,0.747,3.395,0.267,-0.383,0.002,0.003
1999-02-01,3190910.809,124173.695,213877.034,298573.575,1182358.703,123276.135,-77411.779,897.56,1124.05,0.467,0.804,1.123,4.446,0.464,-0.291,0.003,0.004
1999-03-01,3190910.809,284405.48,302764.987,592790.001,468636.372,271927.76,92866.362,12477.72,14743.578,1.07,1.139,2.229,1.762,1.023,0.349,0.047,0.055
1999-04-01,3190910.809,577574.139,588013.927,972790.252,223243.084,466063.933,431744.243,111510.207,128564.193,2.172,2.211,3.658,0.84,1.753,1.624,0.419,0.483
1999-05-01,3190910.809,989642.259,1138750.296,1284902.797,301969.786,589812.652,859598.066,399829.607,493610.98,3.722,4.282,4.832,1.136,2.218,3.233,1.504,1.856
1999-06-01,3190910.809,1216308.002,1534570.172,1524767.092,169203.277,428278.717,1366388.766,788029.285,945637.537,4.574,5.771,5.734,0.636,1.611,5.139,2.964,3.556
1999-07-01,3190910.809,1452725.578,1857925.216,1900345.304,32415.361,251082.789,1825595.605,1201642.789,1426105.003,5.463,6.987,7.147,0.122,0.944,6.865,4.519,5.363
1999-08-01,3190910.809,1072631.019,1413921.504,1500970.114,227136.564,286764.932,1187431.098,785866.088,899045.148,4.034,5.317,5.645,0.854,1.078,4.466,2.955,3.381
1999-09-01,3190910.809,717255.983,673559.727,1219461.269,6202.726,61516.415,668190.899,655739.567,807812.399,2.697,2.533,4.586,0.023,0.231,2.513,2.466,3.038
1999-10-01,3190910.809,372754.058,217555.095,722800.184,344421.075,222504.943,-97134.903,150249.115,157634.63,1.402,0.818,2.718,1.295,0.837,-0.365,0.565,0.593
1999-11-01,3184851.408,176382.401,147637.353,343613.0,769851.641,142862.293,-134682.278,33520.109,38446.748,0.665,0.556,1.295,2.901,0.538,-0.507,0.126,0.145
1999-12-01,3184851.408,88425.591,101484.002,169809.12,562628.075,80933.592,-23173.747,7491.999,9160.357,0.333,0.382,0.64,2.12,0.305,-0.087,0.028,0.035
2000-01-01,3184851.408,91957.345,117587.99,165549.655,1026183.729,90576.608,-239346.195,1380.736,2114.038,0.346,0.443,0.624,3.866,0.341,-0.902,0.005,0.008
2000-02-01,3184851.408,162034.028,213315.62,285637.014,805325.19,159196.957,-101604.909,2837.071,4492.692,0.611,0.804,1.076,3.034,0.6,-0.383,0.011,0.017
2000-03-01,3184851.408,383465.469,409462.963,605017.687,491671.803,361117.962,160489.042,22347.507,32927.734,1.445,1.543,2.28,1.853,1.361,0.605,0.084,0.124
2000-04-01,3184851.408,759818.38,827286.443,1058021.938,352803.201,581747.046,491675.001,178071.334,215051.548,2.863,3.117,3.986,1.329,2.192,1.853,0.671,0.81
2000-05-01,3184851.408,1043213.322,1303924.9,1285110.913,359835.633,546301.078,966275.902,496912.243,598922.111,3.931,4.913,4.842,1.356,2.058,3.641,1.872,2.257
2000-06-01,3184851.408,1429275.261,1858309.956,1779946.004,177050.269,402588.474,1686703.369,1026686.787,1235004.096,5.385,7.002,6.707,0.667,1.517,6.355,3.868,4.653
2000-07-01,3184851.408,1386347.659,1838499.089,1884635.237,63380.098,174094.122,1775154.646,1212253.537,1430471.242,5.224,6.927,7.101,0.239,0.656,6.688,4.568,5.39
2000-08-01,3184851.408,1114663.398,1570953.428,1734173.168,15272.767,67582.272,1555705.822,1047081.126,1251779.901,4.2,5.919,6.534,0.058,0.255,5.862,3.945,4.717
2000-09-01,3184851.408,647245.319,712339.628,1042022.767,251893.378,256008.733,466693.872,391236.586,457101.236,2.439,2.684,3.926,0.949,0.965,1.758,1.474,1.722
2000-10-01,3184851.408,332205.544,318261.847,551890.151,554027.459,308063.969,-181545.182,24141.575,22745.598,1.252,1.199,2.079,2.087,1.161,-0.684,0.091,0.086
2000-11-01,2974434.426,102562.259,101599.317,172497.225,346769.699,99052.904,-86853.861,3509.355,3066.139,0.414,0.41,0.696,1.399,0.4,-0.35,0.014,0.012
2000-12-01,2974434.426,71515.484,75859.67,124599.492,416962.641,68896.159,-48457.031,2619.325,3439.733,0.289,0.306,0.503,1.682,0.278,-0.195,0.011,0.014
2001-01-01,2974434.426,74427.457,85267.403,147739.713,283915.913,72389.029,-38841.478,2038.429,2481.226,0.3,0.344,0.596,1.145,0.292,-0.157,0.008,0.01
2001-02-01,2974434.426,161447.88,145764.894,257550.376,228421.014,153403.011,27670.603,8044.869,9233.772,0.651,0.588,1.039,0.922,0.619,0.112,0.032,0.037
2001-03-01,2974434.426,354526.988,303806.35,589831.734,408424.976,313126.817,2110.729,41400.171,41542.949,1.43,1.226,2.38,1.648,1.263,0.009,0.167,0.168
2001-04-01,2974434.426,593500.464,595000.783,788503.842,412007.384,439095.8,243667.497,154404.664,167128.097,2.394,2.4,3.181,1.662,1.771,0.983,0.623,0.674
2001-05-01,2974434.426,1149003.38,1443529.775,1458019.6,196910.392,433756.228,1261639.05,715247.152,836464.484,4.636,5.824,5.882,0.794,1.75,5.09,2.886,3.375
2001-06-01,2974434.426,1128451.797,1488097.434,1433667.305,241823.684,301926.586,1248454.115,826525.212,958909.882,4.553,6.004,5.784,0.976,1.218,5.037,3.335,3.869
2001-07-01,2974434.426,1210577.983,1694585.217,1675355.995,134588.495,205837.121,1560072.536,1004740.862,1167328.925,4.884,6.837,6.759,0.543,0.83,6.294,4.054,4.709
2001-08-01,2974434.426,1013842.89,1474186.017,1583694.914,85430.945,110541.482,1392304.461,903301.409,1046073.425,4.09,5.947,6.389,0.345,0.446,5.617,3.644,4.22
2001-09-01,2974434.426,634481.959,694684.163,1087661.709,129869.972,142091.725,567318.04,492390.234,562788.508,2.56,2.803,4.388,0.524,0.573,2.289,1.986,2.271
2001-10-01,2974434.426,325995.16,302221.228,603735.812,367576.296,186875.081,-24778.629,139120.078,145493.035,1.315,1.219,2.436,1.483,0.754,-0.1,0.561,0.587
2001-11-01,3040740.445,133220.863,133202.193,254641.853,907268.371,129965.523,-220814.857,3255.34,3765.318,0.526,0.526,1.005,3.58,0.513,-0.871,0.013,0.015
2001-12-01,3040740.445,66589.281,118157.065,143596.564,936876.288,65888.992,-109151.132,700.29,1002.153,0.263,0.466,0.567,3.697,0.26,-0.431,0.003,0.004
2002-01-01,3040740.445,78239.478,120040.954,172917.103,806973.315,77065.289,-37596.247,1174.189,1363.779,0.309,0.474,0.682,3.185,0.304,-0.148,0.005,0.005
2002-02-01,3040740.445,179968.907,192816.597,331474.344,395839.555,173558.823,68674.669,6410.084,7269.236,0.71,0.761,1.308,1.562,0.685,0.271,0.025,0.029
2002-03-01,3040740.445,353264.056,293037.364,611342.549,485193.974,311619.635,82498.392,41644.421,46332.32,1.394,1.156,2.413,1.915,1.23,0.326,0.164,0.183
2002-04-01,3040740.445,646319.547,694146.525,938443.017,373913.624,465174.294,363871.011,181145.253,189022.55,2.551,2.739,3.703,1.476,1.836,1.436,0.715,0.746
2002-05-01,3040740.445,989341.999,1246129.539,1260402.508,181933.227,427891.299,1065613.987,561450.701,637039.234,3.904,4.918,4.974,0.718,1.689,4.205,2.216,2.514
2002-06-01,3040740.445,1274545.857,1613333.785,1590190.843,200559.629,380420.912,1414147.119,894124.945,1031565.732,5.03,6.367,6.276,0.791,1.501,5.581,3.529,4.071
2002-07-01,3040740.445,1408957.295,1895197.939,1952977.474,37097.119,141683.96,1858800.961,1267273.335,1491932.74,5.56,7.479,7.707,0.146,0.559,7.336,5.001,5.888
2002-08-01,3040740.445,994303.412,1363630.596,1603366.034,48790.213,79941.198,1314889.628,914362.214,1062154.566,3.924,5.381,6.328,0.193,0.315,5.189,3.608,4.192
2002-09-01,3040740.445,638970.934,804002.089,1104246.969,110249.322,114592.464,694376.04,524378.47,594423.041,2.522,3.173,4.358,0.435,0.452,2.74,2.069,2.346
2002-10-01,3040740.445,325981.215,183907.715,626107.933,77423.659,78131.96,112252.68,247849.256,285735.76,1.286,0.726,2.471,0.306,0.308,0.443,0.978,1.128
2002-11-01,2973374.762,144398.872,92247.336,314181.444,396160.825,115354.549,-162512.464,29044.323,32683.826,0.583,0.372,1.268,1.599,0.466,-0.656,0.117,0.132
2002-12-01,2973374.762,84043.706,83702.929,162284.87,1189161.771,83236.712,-268085.769,806.994,974.416,0.339,0.338,0.655,4.799,0.336,-1.082,0.003,0.004
2003-01-01,2973374.762,102633.687,131207.439,170479.288,881722.779,101731.576,-152657.796,902.111,1246.997,0.414,0.53,0.688,3.558,0.411,-0.616,0.004,0.005
2003-02-01,2973374.762,187069.514,214910.894,303644.733,386337.266,183001.649,85064.966,4067.865,4236.317,0.755,0.867,1.225,1.559,0.739,0.343,0.016,0.017
2003-03-01,2973374.762,360464.361,413164.007,628748.363,731976.222,334534.648,91067.632,25929.713,21556.923,1.455,1.667,2.538,2.954,1.35,0.368,0.105,0.087
2003-04-01,2973374.762,575367.333,694623.285,761409.015,702086.529,481747.13,200651.243,93620.203,76792.258,2.322,2.803,3.073,2.833,1.944,0.81,0.378,0.31
2003-05-01,2973374.762,1025159.34,1187734.032,1209539.762,318286.32,669352.426,893710.214,355806.915,356731.973,4.137,4.793,4.881,1.285,2.701,3.607,1.436,1.44
2003-06-01,2973374.762,1356631.655,1690795.536,1722052.049,41734.576,312054.309,1649254.991,1044577.346,1210884.126,5.475,6.824,6.95,0.168,1.259,6.656,4.216,4.887
2003-07-01,2973374.762,1347871.131,1821207.776,1941139.881,49906.336,109324.16,1771356.953,1238546.971,1457163.606,5.44,7.35,7.834,0.201,0.441,7.149,4.999,5.881
2003-08-01,2973374.762,968891.222,1330838.907,1527718.999,97834.237,116200.007,1232956.955,852691.216,999947.941,3.91,5.371,6.166,0.395,0.469,4.976,3.441,4.036
2003-09-01,2973374.762,629142.071,731839.03,1080919.908,167675.527,166376.485,567973.792,462765.586,518507.502,2.539,2.954,4.362,0.677,0.671,2.292,1.868,2.093
2003-10-01,2973374.762,355558.837,293056.131,670921.453,210941.788,109852.296,102942.183,245706.541,265694.303,1.435,1.183,2.708,0.851,0.443,0.415,0.992,1.072
2003-11-01,3083915.83,136404.466,93733.897,281309.443,566480.496,129813.211,-210749.512,6591.255,4303.761,0.531,0.365,1.095,2.204,0.505,-0.82,0.026,0.017
2003-12-01,3083915.83,73231.944,109029.928,146014.212,1105698.983,72960.462,-214166.483,271.482,383.431,0.285,0.424,0.568,4.302,0.284,-0.833,0.001,0.001
2004-01-01,3083915.83,71522.902,102663.029,144426.73,848337.797,71107.432,-115824.833,415.469,595.63,0.278,0.399,0.562,3.301,0.277,-0.451,0.002,0.002
2004-02-01,3083915.83,159559.538,205843.074,274536.165,635659.665,157786.2,-62052.192,1773.338,2144.846,0.621,0.801,1.068,2.473,0.614,-0.241,0.007,0.008
2004-03-01,3083915.83,437488.3,370707.35,759831.294,231417.551,395951.702,230411.666,41536.598,47842.636,1.702,1.442,2.957,0.9,1.541,0.897,0.162,0.186
2004-04-01,3083915.83,772499.595,948986.585,1068013.109,293736.314,527260.27,675553.694,245239.325,271630.327,3.006,3.693,4.156,1.143,2.052,2.629,0.954,1.057
2004-05-01,3083915.83,963759.099,1279488.584,1204186.84,469725.519,572645.119,817245.246,391113.979,427978.14,3.75,4.979,4.686,1.828,2.228,3.18,1.522,1.665
2004-06-01,3083915.83,1304247.756,1701576.725,1622745.38,244266.361,382523.668,1467026.533,921724.088,1096111.446,5.075,6.621,6.314,0.95,1.488,5.708,3.587,4.265
2004-07-01,3083915.83,1374844.502,1855076.027,1910531.058,59731.028,123526.126,1795470.95,1251318.376,1485826.869,5.35,7.218,7.434,0.232,0.481,6.986,4.869,5.782
2004-08-01,3083915.83,1012838.593,1381066.759,1532871.107,308848.562,300040.106,1088202.413,712798.486,794412.949,3.941,5.374,5.965,1.202,1.168,4.234,2.774,3.091
2004-09-01,3083915.83,624975.821,649235.993,952378.382,216187.313,186094.836,454352.463,438880.985,490427.243,2.432,2.526,3.706,0.841,0.724,1.768,1.708,1.908
2004-10-01,3083915.83,358022.263,359420.222,554601.378,576507.238,297375.493,-128043.453,60646.77,50852.471,1.393,1.399,2.158,2.243,1.157,-0.498,0.236,0.198
2004-11-01,3216992.88,137063.749,142521.856,227029.935,333997.3,125821.239,-7591.81,11242.511,13652.486,0.511,0.532,0.847,1.246,0.469,-0.028,0.042,0.051
2004-12-01,3216992.88,97648.137,101221.945,172460.913,645837.857,94588.566,-124899.152,3059.571,4379.107,0.364,0.378,0.643,2.409,0.353,-0.466,0.011,0.016
2005-01-01,3216992.88,107256.996,110450.245,184225.456,307170.406,101636.42,-13452.255,5620.576,7856.233,0.4,0.412,0.687,1.146,0.379,-0.05,0.021,0.029
2005-02-01,3216992.88,198728.854,161437.3,345584.059,143390.519,178984.323,50388.74,19744.532,24468.585,0.741,0.602,1.289,0.535,0.668,0.188,0.074,0.091
2005-03-01,3216992.88,439375.05,375759.142,710142.824,550335.005,367506.107,-96.446,71868.943,77525.989,1.639,1.402,2.649,2.053,1.371,-0.0,0.268,0.289
2005-04-01,3216992.88,682576.093,763180.646,908346.367,536807.543,476122.332,382630.894,206453.761,210642.124,2.546,2.847,3.388,2.002,1.776,1.427,0.77,0.786
2005-05-01,3216992.88,1041244.403,1264032.835,1212279.583,922591.603,798248.955,468428.82,242995.448,221794.179,3.884,4.715,4.522,3.441,2.978,1.747,0.906,0.827
2005-06-01,3216992.88,1248024.679,1535230.418,1486279.414,324434.419,518977.587,1215077.474,729047.092,818562.722,4.655,5.727,5.544,1.21,1.936,4.532,2.719,3.053
2005-07-01,3216992.88,1446809.481,1954370.018,2000148.102,67745.739,261360.292,1886687.66,1185449.188,1410199.753,5.397,7.29,7.461,0.253,0.975,7.038,4.422,5.26
2005-08-01,3216992.88,1107801.153,1594049.54,1794320.049,19854.003,79622.467,1574428.974,1028178.686,1237111.501,4.132,5.946,6.693,0.074,0.297,5.873,3.835,4.615
2005-09-01,3216992.88,631541.315,702419.636,1103643.511,112455.128,117269.091,592126.055,514272.225,602075.378,2.356,2.62,4.117,0.419,0.437,2.209,1.918,2.246
2005-10-01,3216992.88,328479.855,329519.083,575379.336,464028.117,239020.526,-53840.87,89459.329,87531.608,1.225,1.229,2.146,1.731,0.892,-0.201,0.334,0.327
2005-11-01,3238313.53,145125.325,171755.517,231115.255,940956.086,143693.07,-258816.223,1432.255,2185.585,0.538,0.636,0.856,3.487,0.532,-0.959,0.005,0.008
2005-12-01,3238313.53,76536.781,116077.895,164663.414,1442514.808,76050.898,-214723.634,485.883,845.736,0.284,0.43,0.61,5.345,0.282,-0.796,0.002,0.003
2006-01-01,3238313.53,83776.414,162533.21,209296.54,1397765.629,83227.587,-121850.266,548.826,770.753,0.31,0.602,0.776,5.18,0.308,-0.452,0.002,0.003
2006-02-01,3238313.53,181980.781,197859.443,372710.666,381866.02,178719.083,25248.751,3261.697,4809.645,0.674,0.733,1.381,1.415,0.662,0.094,0.012,0.018
2006-03-01,3238313.53,336897.236,369055.442,572524.126,580222.304,322316.061,39505.243,14581.175,22160.139,1.248,1.368,2.122,2.15,1.194,0.146,0.054,0.082
2006-04-01,3238313.53,727417.225,718298.014,970375.547,508970.151,625553.709,383236.598,101863.515,139161.838,2.696,2.662,3.596,1.886,2.318,1.42,0.377,0.516
2006-05-01,3238313.53,1147828.175,1412625.68,1454464.507,415785.924,760993.498,1021214.373,386834.677,466987.638,4.253,5.235,5.39,1.541,2.82,3.784,1.433,1.73
2006-06-01,3238313.53,1368326.361,1671240.382,1645073.593,285635.325,611095.928,1396363.874,757230.433,887103.01,5.071,6.193,6.096,1.058,2.264,5.174,2.806,3.287
2006-07-01,3238313.53,1480259.996,1967480.406,2053466.08,45680.565,213608.073,1921862.482,1266651.923,1521785.612,5.485,7.291,7.609,0.169,0.792,7.122,4.694,5.639
2006-08-01,3238313.53,1082569.691,1527230.636,1704586.485,41588.58,88780.872,1485880.998,993788.819,1190403.635,4.012,5.659,6.317,0.154,0.329,5.506,3.683,4.411
2006-09-01,3238313.53,693328.811,773986.326,1162386.613,124350.873,131960.225,652388.609,561368.586,666166.014,2.569,2.868,4.307,0.461,0.489,2.418,2.08,2.469
2006-10-01,3238313.53,349786.251,280882.66,618353.614,195704.689,170817.234,93076.893,178969.017,208036.094,1.296,1.041,2.291,0.725,0.633,0.345,0.663,0.771
2006-11-01,3024267.516,148698.28,198143.357,300664.135,1366289.082,146499.368,-241093.375,2198.912,1505.841,0.59,0.786,1.193,5.421,0.581,-0.957,0.009,0.006
2006-12-01,3024267.516,69818.618,122055.378,172445.624,909015.563,69048.205,-114712.279,770.413,1068.983,0.277,0.484,0.684,3.607,0.274,-0.455,0.003,0.004
2007-01-01,3024267.516,98116.934,111185.844,203829.827,400301.702,94217.619,34595.697,3899.315,5713.256,0.389,0.441,0.809,1.588,0.374,0.137,0.015,0.023
2007-02-01,3024267.516,166506.594,188860.86,280248.417,696830.76,163985.764,-88608.06,2520.83,4079.511,0.661,0.749,1.112,2.765,0.651,-0.352,0.01,0.016
2007-03-01,3024267.516,391159.175,358492.392,673743.011,318196.477,346468.991,160739.219,44690.184,51788.915,1.552,1.422,2.673,1.263,1.375,0.638,0.177,0.205
2007-04-01,3024267.516,686351.072,781803.79,911607.01,341613.303,489593.896,482915.496,196757.177,213275.844,2.723,3.102,3.617,1.355,1.943,1.916,0.781,0.846
2007-05-01,3024267.516,1153582.539,1423457.245,1417932.256,168919.949,378870.479,1258761.302,774712.06,912785.978,4.577,5.648,5.626,0.67,1.503,4.995,3.074,3.622
2007-06-01,3024267.516,1243559.908,1584348.338,1542680.542,217013.416,266587.316,1370544.499,976972.592,1174073.987,4.934,6.287,6.121,0.861,1.058,5.438,3.877,4.659
2007-07-01,3024267.516,1343296.796,1911763.994,1888393.892,88169.355,116613.269,1824585.177,1226683.527,1435348.728,5.33,7.586,7.493,0.35,0.463,7.24,4.867,5.695
2007-08-01,3024267.516,1010828.039,1545508.76,1561900.408,113243.13,125222.613,1435521.267,885605.426,1010415.996,4.011,6.132,6.197,0.449,0.497,5.696,3.514,4.009
2007-09-01,3024267.516,644054.513,814147.143,1061729.043,233541.099,207721.55,599395.398,436332.963,481449.372,2.556,3.23,4.213,0.927,0.824,2.378,1.731,1.91
2007-10-01,3024267.516,308238.462,328585.024,524613.231,595010.084,240738.151,-20179.403,67500.312,56396.884,1.223,1.304,2.082,2.361,0.955,-0.08,0.268,0.224
2007-11-01,3147876.352,150173.474,116747.852,266917.264,562333.959,141777.514,-146448.28,8395.959,8844.415,0.572,0.445,1.018,2.144,0.54,-0.558,0.032,0.034
2007-12-01,3147876.352,62490.114,118513.43,170165.985,933562.143,61675.339,-100437.971,814.775,1244.195,0.238,0.452,0.649,3.559,0.235,-0.383,0.003,0.005
2008-01-01,3147876.352,48781.62,135176.13,201081.233,900301.394,48482.997,-80951.011,298.623,405.378,0.186,0.515,0.767,3.432,0.185,-0.309,0.001,0.002
2008-02-01,3147876.352,156142.448,162674.879,319191.755,329080.29,152233.717,44807.133,3908.731,4738.21,0.595,0.62,1.217,1.254,0.58,0.171,0.015,0.018
2008-03-01,3147876.352,344408.024,281687.761,562070.516,506181.233,318917.226,-1848.767,25490.798,28376.273,1.313,1.074,2.143,1.93,1.216,-0.007,0.097,0.108
2008-04-01,3147876.352,602922.015,471923.003,923395.829,279001.771,401851.177,270756.551,201070.839,211526.543,2.298,1.799,3.52,1.064,1.532,1.032,0.767,0.806
2008-05-01,3147876.352,998268.97,1126662.911,1323500.95,362902.19,557568.826,773682.851,440700.144,467783.701,3.805,4.295,5.045,1.383,2.126,2.949,1.68,1.783
2008-06-01,3147876.352,1298278.413,1691114.824,1612776.676,175044.054,324225.506,1520426.732,974052.907,1170774.88,4.949,6.447,6.148,0.667,1.236,5.796,3.713,4.463
2008-07-01,3147876.352,1430893.022,1976122.417,1957629.772,38510.694,106344.676,1937961.712,1324548.345,1578505.28,5.455,7.533,7.463,0.147,0.405,7.388,5.049,6.017
2008-08-01,3147876.352,1046538.193,1436709.786,1583804.167,145477.613,157407.238,1292230.773,889130.955,1023124.342,3.99,5.477,6.038,0.555,0.6,4.926,3.389,3.9
2008-09-01,3147876.352,674764.407,581714.474,1157447.456,85879.199,94990.613,498846.52,579773.793,698152.697,2.572,2.218,4.412,0.327,0.362,1.902,2.21,2.661
2008-10-01,3147876.352,344896.624,208837.683,622532.315,214743.235,156609.537,5489.889,188287.087,199813.419,1.315,0.796,2.373,0.819,0.597,0.021,0.718,0.762
2008-11-01,3115898.333,140084.828,142631.548,253912.578,557808.242,134498.129,-196827.875,5586.699,6161.736,0.539,0.549,0.978,2.148,0.518,-0.758,0.022,0.024
2008-12-01,3115898.333,74383.381,83270.26,164731.35,781791.594,73803.298,-215313.422,580.084,894.194,0.286,0.321,0.634,3.011,0.284,-0.829,0.002,0.003
2009-01-01,3115898.333,93837.792,120327.427,195185.652,531297.145,92238.812,-20119.6,1598.98,2343.228,0.361,0.463,0.752,2.046,0.355,-0.077,0.006,0.009
2009-02-01,3115898.333,166080.238,155481.762,288567.797,348295.051,162400.868,-3135.748,3679.371,3949.2,0.64,0.599,1.111,1.341,0.625,-0.012,0.014,0.015
2009-03-01,3115898.333,359015.467,316384.192,564787.492,562005.719,336748.998,8391.285,22266.469,20949.551,1.383,1.218,2.175,2.164,1.297,0.032,0.086,0.081
2009-04-01,3115898.333,640834.008,590122.054,960363.322,303847.349,475877.224,340986.267,164956.783,175551.496,2.468,2.273,3.699,1.17,1.833,1.313,0.635,0.676
2009-05-01,3115898.333,1131276.391,1373470.246,1407093.774,492683.072,625026.595,961577.968,506249.795,561697.359,4.357,5.29,5.419,1.897,2.407,3.703,1.95,2.163
2009-06-01,3115898.333,1257706.36,1535671.334,1481743.063,418819.617,567682.625,1119711.303,690023.734,769796.554,4.844,5.914,5.707,1.613,2.186,4.312,2.657,2.965
2009-07-01,3115898.333,1427673.989,1991210.53,1954174.051,48823.209,127458.839,1942529.388,1300215.151,1553722.202,5.498,7.669,7.526,0.188,0.491,7.481,5.007,5.984
2009-08-01,3115898.333,1025197.956,1374227.993,1563088.975,177066.497,193131.472,1199935.853,832066.484,967162.309,3.948,5.292,6.02,0.682,0.744,4.621,3.204,3.725
2009-09-01,3115898.333,710154.918,855856.736,1199767.122,106045.065,103270.657,752041.993,606884.262,704746.192,2.735,3.296,4.621,0.408,0.398,2.896,2.337,2.714
2009-10-01,3115898.333,312856.662,291274.341,538366.931,465817.554,251817.852,-126226.583,61038.81,57620.252,1.205,1.122,2.073,1.794,0.97,-0.486,0.235,0.222
2009-11-01,3114476.859,157978.053,140085.008,299173.083,648211.089,143550.501,-72953.945,14427.552,12013.362,0.609,0.54,1.153,2.498,0.553,-0.281,0.056,0.046
2009-12-01,3114476.859,76710.228,92447.034,157955.581,553644.976,75620.817,-121113.086,1089.411,1656.477,0.296,0.356,0.609,2.133,0.291,-0.467,0.004,0.006
2010-01-01,3114476.859,84654.253,139304.135,201594.731,683594.325,83641.659,-93890.292,1012.594,1346.002,0.326,0.537,0.777,2.634,0.322,-0.362,0.004,0.005
2010-02-01,3114476.859,175137.537,199645.605,302752.203,384556.112,169001.473,39797.245,6136.064,7751.071,0.675,0.769,1.166,1.482,0.651,0.153,0.024,0.03
2010-03-01,3114476.859,382953.106,350219.181,673336.92,491998.21,341561.935,62375.432,41391.171,45430.634,1.476,1.349,2.594,1.896,1.316,0.24,0.159,0.175
2010-04-01,3114476.859,627483.137,656728.43,898981.548,560817.649,480254.962,276508.464,147228.175,153145.545,2.418,2.53,3.464,2.161,1.85,1.065,0.567,0.59
2010-05-01,3114476.859,899272.744,1047978.778,1119021.506,498131.091,574440.794,577149.456,324831.949,352001.263,3.465,4.038,4.312,1.919,2.213,2.224,1.252,1.356
2010-06-01,3114476.859,1129742.064,1398685.189,1394724.866,455363.427,512266.162,1027757.512,617475.902,696849.35,4.353,5.389,5.374,1.755,1.974,3.96,2.379,2.685
2010-07-01,3114476.859,1429142.464,1834115.895,1900851.453,36525.994,276915.433,1797674.153,1152227.032,1331490.546,5.506,7.067,7.324,0.141,1.067,6.926,4.44,5.13
2010-08-01,3114476.859,1062831.694,1440508.959,1598760.068,80820.157,180477.45,1360084.55,882354.244,1021473.09,4.095,5.55,6.16,0.311,0.695,5.24,3.4,3.936
2010-09-01,3114476.859,633219.111,767631.2,990695.055,238652.185,214024.89,544231.197,419194.221,476425.787,2.44,2.958,3.817,0.92,0.825,2.097,1.615,1.836
2010-10-01,3114476.859,362319.253,431367.767,583929.544,618542.789,311306.727,-49032.961,51012.527,45795.229,1.396,1.662,2.25,2.383,1.199,-0.189,0.197,0.176
2010-11-01,3353415.561,146150.655,192330.662,273546.898,768362.86,142723.67,-84250.338,3426.985,3042.689,0.523,0.688,0.979,2.75,0.511,-0.301,0.012,0.011
2010-12-01,3353415.561,71994.771,132296.814,189870.248,1267337.958,71649.138,-211042.765,345.633,471.637,0.258,0.473,0.679,4.535,0.256,-0.755,0.001,0.002
2011-01-01,3353415.561,104527.002,124224.641,192144.677,536560.797,102535.3,-3319.077,1991.702,3072.814,0.374,0.445,0.688,1.92,0.367,-0.012,0.007,0.011
2011-02-01,3353415.561,163179.915,178928.325,316856.044,516208.828,159890.653,-54213.936,3289.262,4803.369,0.584,0.64,1.134,1.847,0.572,-0.194,0.012,0.017
2011-03-01,3353415.561,342147.712,414529.951,572708.804,1026403.251,329656.488,-23065.028,12491.224,18632.247,1.224,1.483,2.049,3.673,1.18,-0.083,0.045,0.067
2011-04-01,3353415.561,597937.661,522377.094,797440.708,628180.293,524508.135,132470.712,73429.527,94629.335,2.14,1.869,2.854,2.248,1.877,0.474,0.263,0.339
2011-05-01,3353415.561,950299.564,940323.39,1191552.2,656176.027,750284.853,359242.385,200014.711,234649.745,3.401,3.365,4.264,2.348,2.685,1.286,0.716,0.84
2011-06-01,3353415.561,1294962.107,1491040.809,1545750.188,252887.609,652238.639,1247766.447,642723.468,749638.935,4.634,5.336,5.531,0.905,2.334,4.465,2.3,2.683
2011-07-01,3353415.561,1470157.614,1823183.119,1846222.635,116744.914,358791.049,1707581.833,1111366.565,1303775.768,5.261,6.524,6.607,0.418,1.284,6.11,3.977,4.665
2011-08-01,3353415.561,1213960.878,1631941.557,1746277.183,16921.204,139080.387,1615075.752,1074880.491,1280203.659,4.344,5.84,6.249,0.061,0.498,5.779,3.846,4.581
2011-09-01,3353415.561,799706.013,948584.439,1324201.904,51920.742,83403.494,897545.902,716302.519,865919.411,2.862,3.394,4.739,0.186,0.298,3.212,2.563,3.099
2011-10-01,3353415.561,347426.174,381880.581,584549.227,394879.322,242057.754,20455.149,105368.42,116224.711,1.243,1.367,2.092,1.413,0.866,0.073,0.377,0.416
2011-11-01,2966142.029,136037.408,103752.443,264125.091,491538.122,110074.24,-118376.939,25963.168,21497.422,0.55,0.42,1.069,1.989,0.445,-0.479,0.105,0.087
2011-12-01,2966142.029,68166.713,45672.797,163748.142,340357.455,64208.392,-61999.763,3958.322,2914.34,0.276,0.185,0.662,1.377,0.26,-0.251,0.016,0.012
2012-01-01,2966142.029,98847.952,133005.613,235784.458,849800.828,97278.694,-136008.949,1569.258,2535.12,0.4,0.538,0.954,3.438,0.394,-0.55,0.006,0.01
2012-02-01,2966142.029,151458.356,172538.532,308453.422,403643.386,147327.98,-9750.856,4130.376,5223.653,0.613,0.698,1.248,1.633,0.596,-0.039,0.017,0.021
2012-03-01,2966142.029,292103.713,342766.656,587602.12,976139.617,278054.132,-43733.657,14049.581,15178.158,1.182,1.387,2.377,3.949,1.125,-0.177,0.057,0.061
2012-04-01,2966142.029,576391.495,686801.743,936158.664,496165.01,470726.396,303012.038,105665.098,102946.03,2.332,2.779,3.787,2.007,1.904,1.226,0.427,0.416
2012-05-01,2966142.029,973720.08,1264026.773,1278810.235,261567.16,508094.387,1033930.388,465625.694,509161.166,3.939,5.114,5.174,1.058,2.056,4.183,1.884,2.06
2012-06-01,2966142.029,1109357.088,1477487.131,1385974.997,401401.929,470739.955,1082458.454,638617.134,706551.553,4.488,5.977,5.607,1.624,1.904,4.379,2.584,2.858
2012-07-01,2966142.029,1380936.782,1862114.33,1827561.296,68106.836,268811.402,1794205.531,1112125.38,1260461.663,5.587,7.533,7.394,0.276,1.088,7.259,4.499,5.099
2012-08-01,2966142.029,1120620.764,1527825.45,1696122.306,8466.514,86687.671,1519494.243,1033933.093,1184150.85,4.534,6.181,6.862,0.034,0.351,6.147,4.183,4.791
2012-09-01,2966142.029,680170.277,864239.058,1188676.129,9300.892,36647.388,855170.304,643522.889,743390.029,2.752,3.496,4.809,0.038,0.148,3.46,2.603,3.008
2012-10-01,2966142.029,324768.078,377881.288,621741.363,627880.342,243455.121,-59142.096,81312.957,75030.053,1.314,1.529,2.515,2.54,0.985,-0.239,0.329,0.304
2012-11-01,3145766.993,130463.733,176891.391,295836.967,944946.183,124769.246,-115587.748,5694.487,3187.718,0.498,0.675,1.129,3.605,0.476,-0.441,0.022,0.012
2012-12-01,3145766.993,75842.991,137889.19,185573.511,1038739.801,75116.416,-109654.767,726.575,1002.984,0.289,0.526,0.708,3.962,0.287,-0.418,0.003,0.004
2013-01-01,3145766.993,60675.421,101717.055,157347.323,379043.45,59916.222,-26429.897,759.2,1126.974,0.231,0.388,0.6,1.446,0.229,-0.101,0.003,0.004
2013-02-01,3145766.993,139317.697,141427.91,274118.706,224346.457,135521.208,23921.94,3796.49,4547.744,0.531,0.539,1.046,0.856,0.517,0.091,0.014,0.017
2013-03-01,3145766.993,331147.429,276014.348,624068.785,252127.99,291090.781,116823.012,40056.648,36694.669,1.263,1.053,2.381,0.962,1.11,0.446,0.153,0.14
2013-04-01,3145766.993,659245.272,646675.944,927976.168,328217.93,466262.318,375701.795,192982.954,190341.885,2.515,2.467,3.54,1.252,1.779,1.433,0.736,0.726
2013-05-01,3145766.993,1076728.01,1318118.439,1383226.956,471378.839,595933.872,884488.191,480794.138,507926.602,4.107,5.028,5.277,1.798,2.273,3.374,1.834,1.938
2013-06-01,3145766.993,1286397.189,1658188.671,1590455.978,291486.503,506790.873,1378321.399,779606.316,855101.905,4.907,6.325,6.067,1.112,1.933,5.258,2.974,3.262
2013-07-01,3145766.993,1459579.96,2020541.742,2050793.768,16524.214,174715.251,2004084.148,1284864.709,1475493.538,5.568,7.708,7.823,0.063,0.666,7.645,4.901,5.628
2013-08-01,3145766.993,1062234.474,1413481.411,1648064.905,128756.077,159260.563,1285219.035,902973.912,1017693.431,4.052,5.392,6.287,0.491,0.608,4.903,3.445,3.882
2013-09-01,3145766.993,631523.572,809732.673,961473.477,914671.847,463971.065,132527.067,167552.508,145762.144,2.409,3.089,3.668,3.489,1.77,0.506,0.639,0.556
2013-10-01,3145766.993,344607.771,269037.264,536305.998,116498.966,162375.744,213804.218,182232.027,203292.666,1.315,1.026,2.046,0.444,0.619,0.816,0.695,0.775
2013-11-01,3033733.451,150859.828,123965.515,261963.272,348524.478,127057.559,-76715.849,23802.269,21681.278,0.597,0.49,1.036,1.379,0.503,-0.303,0.094,0.086
2013-12-01,3033733.451,74588.501,64478.572,131562.884,274416.71,71092.516,-56295.484,3495.985,3157.97,0.295,0.255,0.52,1.085,0.281,-0.223,0.014,0.012
2014-01-01,3033733.451,103655.131,98812.394,215627.073,352724.83,99758.609,-46886.054,3896.522,4622.554,0.41,0.391,0.853,1.395,0.395,-0.185,0.015,0.018
2014-02-01,3033733.451,162874.338,187772.216,283881.231,875700.651,157313.896,-100071.581,5560.442,7495.563,0.644,0.743,1.123,3.464,0.622,-0.396,0.022,0.03
2014-03-01,3033733.451,421003.074,461042.79,664026.421,871513.936,391296.972,21472.377,29706.102,33900.931,1.665,1.824,2.627,3.447,1.548,0.085,0.118,0.134
2014-04-01,3033733.451,718797.938,866086.183,991987.093,426691.982,530948.927,542758.15,187849.01,196466.365,2.843,3.426,3.924,1.688,2.1,2.147,0.743,0.777
2014-05-01,3033733.451,1117986.668,1438779.958,1396320.081,282802.649,486552.75,1167610.232,631433.919,684548.752,4.422,5.691,5.523,1.119,1.925,4.619,2.498,2.708
2014-06-01,3033733.451,1265725.665,1617337.006,1555564.198,201734.103,360186.306,1417268.632,905539.359,989546.357,5.007,6.397,6.153,0.798,1.425,5.606,3.582,3.914
2014-07-01,3033733.451,1450983.699,1952245.957,1955407.062,95700.657,185749.309,1857138.758,1265234.39,1422701.31,5.739,7.722,7.735,0.379,0.735,7.346,5.005,5.628
2014-08-01,3033733.451,1028400.053,1320039.437,1557384.907,155475.96,188625.651,1165286.487,839774.402,966020.396,4.068,5.221,6.16,0.615,0.746,4.609,3.322,3.821
2014-09-01,3033733.451,668949.189,853997.317,1123560.782,196961.268,192285.961,666298.074,476663.228,527785.042,2.646,3.378,4.444,0.779,0.761,2.636,1.885,2.088
2014-10-01,3033733.451,372025.415,496254.274,638426.45,611994.969,246410.351,69529.324,125615.065,108206.294,1.472,1.963,2.525,2.421,0.975,0.275,0.497,0.428
2014-11-01,3106372.597,154766.285,192162.452,250200.773,646351.665,152707.788,-85040.261,2058.497,1827.317,0.598,0.742,0.967,2.497,0.59,-0.329,0.008,0.007
2014-12-01,3106372.597,87380.366,126435.903,171415.857,1044995.594,86746.802,-208096.369,633.565,991.435,0.338,0.488,0.662,4.037,0.335,-0.804,0.002,0.004
2015-01-01,3106372.597,114104.121,125107.232,187934.143,379392.898,111120.265,15634.651,2983.856,4577.816,0.441,0.483,0.726,1.466,0.429,0.06,0.012,0.018
2015-02-01,3106372.597,228410.016,241728.021,382114.366,595986.963,223473.032,21933.22,4936.985,6758.357,0.882,0.934,1.476,2.302,0.863,0.085,0.019,0.026
2015-03-01,3106372.597,465141.901,515375.446,723927.832,483483.11,424882.827,180618.0,40259.074,37189.977,1.797,1.991,2.797,1.868,1.641,0.698,0.156,0.144
2015-04-01,3106372.597,750599.987,945333.172,995728.544,243852.944,484330.614,741940.914,266269.373,266341.864,2.9,3.652,3.847,0.942,1.871,2.866,1.029,1.029
2015-05-01,3106372.597,1105081.469,1370948.085,1329636.983,452573.937,676941.109,926615.268,428140.361,433128.904,4.269,5.296,5.136,1.748,2.615,3.58,1.654,1.673
2015-06-01,3106372.597,1455461.692,1825923.699,1855295.205,79369.166,255055.333,1747356.699,1200406.359,1385322.83,5.622,7.054,7.167,0.307,0.985,6.75,4.637,5.352
2015-07-01,3106372.597,1320158.857,1663235.284,1890353.205,165072.631,204116.071,1501566.5,1116042.786,1284724.253,5.1,6.425,7.302,0.638,0.789,5.801,4.311,4.963
2015-08-01,3106372.597,1043244.455,1393282.542,1717142.839,81714.408,96466.952,1311939.752,946777.503,1069037.157,4.03,5.382,6.633,0.316,0.373,5.068,3.657,4.13
2015-09-01,3106372.597,617655.413,749127.842,1049883.246,153415.635,157165.453,597695.226,460489.96,503599.55,2.386,2.894,4.056,0.593,0.607,2.309,1.779,1.945
2015-10-01,3106372.597,366724.355,454001.039,682246.773,435981.603,236485.472,88455.273,130238.882,138924.481,1.417,1.754,2.636,1.684,0.914,0.342,0.503,0.537
2015-11-01,3176286.459,149864.053,170945.0,263232.372,566592.577,145150.061,-81459.713,4713.992,5388.591,0.566,0.646,0.994,2.141,0.548,-0.308,0.018,0.02
2015-12-01,3176286.459,90934.328,133954.508,180007.673,1703953.803,90341.8,-303283.409,592.528,853.159,0.344,0.506,0.68,6.438,0.341,-1.146,0.002,0.003
2016-01-01,3176286.459,85769.638,142884.372,186604.745,910866.434,85361.969,-102212.687,407.669,499.294,0.324,0.54,0.705,3.441,0.322,-0.386,0.002,0.002
2016-02-01,3176286.459,197887.617,232842.322,381542.252,384894.569,194221.069,58967.821,3666.547,4666.139,0.748,0.88,1.441,1.454,0.734,0.223,0.014,0.018
2016-03-01,3176286.459,447405.73,505444.305,669776.255,767925.546,424874.336,168460.891,22531.394,22638.669,1.69,1.91,2.53,2.901,1.605,0.636,0.085,0.086
2016-04-01,3176286.459,844610.931,1020178.138,1129288.683,320780.944,605422.164,708706.103,239188.767,263953.868,3.191,3.854,4.266,1.212,2.287,2.677,0.904,0.997
2016-05-01,3176286.459,1138961.761,1456412.309,1403945.442,318508.438,593692.254,1142902.191,545269.507,590554.315,4.303,5.502,5.304,1.203,2.243,4.318,2.06,2.231
2016-06-01,3176286.459,1372386.782,1725123.502,1713519.002,201159.792,365390.413,1525428.983,1006996.369,1131109.989,5.185,6.518,6.474,0.76,1.38,5.763,3.804,4.273
2016-07-01,3176286.459,1346570.276,1707502.102,1833015.079,124037.756,183960.284,1584337.649,1162609.992,1329770.298,5.087,6.451,6.925,0.469,0.695,5.986,4.392,5.024
2016-08-01,3176286.459,1088488.886,1427741.185,1732113.507,25014.96,52117.147,1403084.223,1036371.739,1199700.762,4.112,5.394,6.544,0.095,0.197,5.301,3.915,4.532
2016-09-01,3176286.459,636471.278,808043.735,1056938.718,117567.82,118465.993,692685.806,518005.285,591779.66,2.405,3.053,3.993,0.444,0.448,2.617,1.957,2.236
2016-10-01,3176286.459,306176.989,385859.191,523616.997,1190890.386,271344.791,-288728.392,34832.198,21549.677,1.157,1.458,1.978,4.499,1.025,-1.091,0.132,0.081
2016-11-01,3463253.124,191055.621,257374.494,375616.867,738931.697,164291.432,40760.875,26764.189,19192.855,0.662,0.892,1.301,2.56,0.569,0.141,0.093,0.067
2016-12-01,3463253.124,76138.119,105336.421,156626.22,910033.565,75659.965,-153516.904,478.155,811.918,0.264,0.365,0.543,3.153,0.262,-0.532,0.002,0.003
2017-01-01,3463253.124,64104.036,105473.677,159764.741,967327.773,64012.19,-144608.649,91.846,156.807,0.222,0.365,0.554,3.352,0.222,-0.501,0.0,0.001
2017-02-01,3463253.124,151616.874,249623.589,359217.815,1318650.145,150738.858,-72518.283,878.016,1351.446,0.525,0.865,1.245,4.569,0.522,-0.251,0.003,0.005
2017-03-01,3463253.124,419111.147,470590.656,694329.58,1079972.537,413222.524,3263.148,5888.623,8445.74,1.452,1.631,2.406,3.742,1.432,0.011,0.02,0.029
2017-04-01,3463253.124,725197.551,868276.072,967858.97,717420.34,683606.104,327190.443,41591.447,48227.568,2.513,3.009,3.354,2.486,2.369,1.134,0.144,0.167
2017-05-01,3463253.124,1260893.415,1493206.719,1513537.286,288451.645,841685.403,1245350.76,419208.012,482891.38,4.369,5.174,5.244,0.999,2.916,4.315,1.453,1.673
2017-06-01,3463253.124,1432770.594,1816286.664,1757744.696,266376.768,596727.556,1554576.922,836043.038,938970.261,4.964,6.293,6.09,0.923,2.068,5.387,2.897,3.253
2017-07-01,3463253.124,1570009.062,2134476.485,2167479.639,17790.947,215084.496,2116714.99,1354924.566,1575771.831,5.44,7.396,7.51,0.062,0.745,7.334,4.695,5.46
2017-08-01,3463253.124,1225864.471,1647847.351,1901523.063,56716.681,110868.762,1591364.603,1114995.709,1316796.684,4.248,5.71,6.589,0.197,0.384,5.514,3.863,4.563
2017-09-01,3463253.124,729298.677,915844.597,1164496.345,269793.138,233765.196,667086.998,495533.481,549425.335,2.527,3.173,4.035,0.935,0.81,2.311,1.717,1.904
2017-10-01,3463253.124,400936.25,378635.122,679994.813,592688.203,265323.734,12099.319,135612.517,135397.437,1.389,1.312,2.356,2.054,0.919,0.042,0.47,0.469
2017-11-01,3468365.354,176971.769,228260.386,320351.976,1059650.556,174441.671,-251045.316,2530.099,2960.86,0.612,0.79,1.108,3.666,0.604,-0.869,0.009,0.01
2017-12-01,3468365.354,94598.429,97823.263,174886.509,454912.484,90295.313,3170.254,4303.117,5133.99,0.327,0.338,0.605,1.574,0.312,0.011,0.015,0.018
2018-01-01,3468365.354,131767.426,178577.183,262762.916,822887.134,128960.582,-99217.193,2806.844,3938.207,0.456,0.618,0.909,2.847,0.446,-0.343,0.01,0.014
2018-02-01,3468365.354,191636.249,202794.818,367226.284,384256.393,186109.194,13370.153,5527.055,6653.808,0.663,0.702,1.271,1.329,0.644,0.046,0.019,0.023
2018-03-01,3468365.354,427288.106,438943.363,658738.03,608648.933,395415.946,138874.186,31872.159,39190.745,1.478,1.519,2.279,2.106,1.368,0.48,0.11,0.136
2018-04-01,3468365.354,757884.397,870660.382,1052902.009,731197.73,593824.398,406071.933,164059.999,180086.769,2.622,3.012,3.643,2.53,2.055,1.405,0.568,0.623
2018-05-01,3468365.354,1296189.748,1510590.992,1560293.262,301343.709,738061.542,1213393.366,558128.206,613462.246,4.485,5.226,5.398,1.043,2.554,4.198,1.931,2.122
2018-06-01,3468365.354,1441826.738,1801002.613,1801942.295,218732.075,429145.759,1584318.148,1012680.979,1157848.974,4.988,6.231,6.234,0.757,1.485,5.481,3.504,4.006
2018-07-01,3468365.354,1507122.756,2056018.437,2233453.436,10788.367,81037.422,2045313.645,1426085.333,1688900.201,5.214,7.114,7.727,0.037,0.28,7.076,4.934,5.843
2018-08-01,3468365.354,1137359.24,1555270.411,1873273.544,20341.537,42160.321,1535045.069,1095198.919,1277138.9,3.935,5.381,6.481,0.07,0.146,5.311,3.789,4.419
2018-09-01,3468365.354,683234.782,943040.3,1228843.437,79170.377,81874.439,865715.626,601360.343,686325.95,2.364,3.263,4.252,0.274,0.283,2.995,2.081,2.375
2018-10-01,3468365.354,339982.993,396416.381,630254.775,448692.872,254082.515,-17384.61,85900.478,85911.793,1.176,1.372,2.181,1.552,0.879,-0.06,0.297,0.297
2018-11-01,3756299.368,166565.968,152020.482,354716.679,625441.693,160355.17,-217173.066,6210.798,7462.601,0.532,0.486,1.133,1.998,0.512,-0.694,0.02,0.024
2018-12-01,3756299.368,112244.068,156221.853,214723.167,916790.912,110706.997,-95323.829,1537.071,2322.053,0.359,0.499,0.686,2.929,0.354,-0.305,0.005,0.007
2019-01-01,3756299.368,128032.079,172524.49,253650.326,712000.159,124944.264,-71568.618,3087.815,4790.143,0.409,0.551,0.81,2.275,0.399,-0.229,0.01,0.015
2019-02-01,3756299.368,142431.49,204245.376,251865.528,1406944.754,141110.228,-282646.267,1321.262,2172.119,0.455,0.652,0.805,4.495,0.451,-0.903,0.004,0.007
2019-03-01,3756299.368,425856.612,441618.338,684817.184,434586.893,411707.438,170618.865,14149.174,19971.957,1.36,1.411,2.188,1.388,1.315,0.545,0.045,0.064
2019-04-01,3756299.368,806541.802,897512.815,1082892.563,1001882.457,726312.59,373155.95,80229.212,98655.159,2.577,2.867,3.459,3.201,2.32,1.192,0.256,0.315
2019-05-01,3756299.368,1278927.875,1601398.499,1607925.613,635966.975,1006642.472,986258.728,272285.403,307849.761,4.086,5.116,5.137,2.032,3.216,3.151,0.87,0.983
2019-06-01,3756299.368,1618943.931,2024661.851,1994029.681,136706.342,574632.59,1889466.632,1044311.341,1230523.892,5.172,6.468,6.37,0.437,1.836,6.036,3.336,3.931
2019-07-01,3756299.368,1541334.259,2063028.608,2157090.949,59942.514,176103.278,2003187.981,1365230.981,1623594.282,4.924,6.591,6.891,0.191,0.563,6.399,4.361,5.187
2019-08-01,3756299.368,1232798.541,1716510.604,1952856.731,142512.077,176554.505,1574219.624,1056244.037,1245212.934,3.938,5.484,6.239,0.455,0.564,5.029,3.374,3.978
2019-09-01,3756299.368,727512.542,990849.623,1123594.736,628139.774,429226.876,422884.308,298285.666,287862.708,2.324,3.165,3.589,2.007,1.371,1.351,0.953,0.92
2019-10-01,3756299.368,419505.187,319878.878,715374.102,334682.263,233890.711,52993.891,185614.476,202298.942,1.34,1.022,2.285,1.069,0.747,0.169,0.593,0.646
2019-11-01,3614489.524,166968.155,62524.963,322969.983,232190.243,131326.851,-109607.221,35641.305,31341.986,0.554,0.208,1.072,0.771,0.436,-0.364,0.118,0.104
2019-12-01,3614489.524,79803.554,115387.95,174032.307,816640.114,79130.786,-169426.629,672.768,1079.328,0.265,0.383,0.578,2.711,0.263,-0.562,0.002,0.004
2020-01-01,3614489.524,123094.991,211693.447,295286.806,1298299.357,122071.962,-189898.123,1023.029,1607.626,0.409,0.703,0.98,4.31,0.405,-0.63,0.003,0.005
2020-02-01,3614489.524,251011.049,250116.633,455025.326,388818.15,241520.37,111198.424,9490.679,13628.306,0.833,0.83,1.511,1.291,0.802,0.369,0.032,0.045
2020-03-01,3614489.524,449372.711,401932.406,721890.744,511445.806,407410.335,-3794.967,41962.376,43761.762,1.492,1.334,2.397,1.698,1.353,-0.013,0.139,0.145
2020-04-01,3614489.524,832835.467,846511.859,1186506.738,264159.051,532832.681,647756.249,300002.786,310029.761,2.765,2.81,3.939,0.877,1.769,2.151,0.996,1.029
2020-05-01,3614489.524,1246052.257,1529361.379,1521867.997,746398.353,812137.322,824069.149,433914.935,453563.791,4.137,5.077,5.053,2.478,2.696,2.736,1.441,1.506
2020-06-01,3614489.524,1430256.476,1755281.104,1731133.84,457223.246,614809.261,1315424.931,815447.214,910652.609,4.748,5.827,5.747,1.518,2.041,4.367,2.707,3.023
2020-07-01,3614489.524,1534282.405,1990686.41,2161327.31,14977.435,170569.919,1976881.301,1363712.486,1603378.627,5.094,6.609,7.176,0.05,0.566,6.563,4.527,5.323
2020-08-01,3614489.524,1177600.149,1662965.113,1928669.61,37758.3,76402.589,1625411.615,1101197.56,1296992.701,3.91,5.521,6.403,0.125,0.254,5.396,3.656,4.306
2020-09-01,3614489.524,790811.266,1141439.487,1361530.456,228831.451,192170.45,932604.002,598640.816,650059.145,2.625,3.79,4.52,0.76,0.638,3.096,1.987,2.158
2020-10-01,3614489.524,433355.418,536708.534,757609.665,271991.098,193977.686,300941.549,239377.732,254530.197,1.439,1.782,2.515,0.903,0.644,0.999,0.795,0.845
2020-11-01,3207003.962,153612.228,138946.002,270730.389,902995.095,151938.39,-287173.175,1673.838,1056.757,0.575,0.52,1.013,3.379,0.569,-1.075,0.006,0.004
2020-12-01,3207003.962,108985.879,97309.778,187525.164,773684.288,107349.065,-70292.74,1636.814,1745.009,0.408,0.364,0.702,2.895,0.402,-0.263,0.006,0.007
2021-01-01,3207003.962,125507.505,155057.422,221132.556,917487.045,123316.472,-85009.7,2191.033,2625.712,0.47,0.58,0.827,3.433,0.461,-0.318,0.008,0.01
2021-02-01,3207003.962,185496.594,208997.47,315637.757,808256.935,179335.109,-39278.328,6161.485,7604.298,0.694,0.782,1.181,3.024,0.671,-0.147,0.023,0.028
2021-03-01,3207003.962,395295.476,317028.719,656009.974,214583.477,337766.146,194001.069,57529.33,53036.057,1.479,1.186,2.455,0.803,1.264,0.726,0.215,0.198
2021-04-01,3207003.962,761070.012,794139.667,1154307.653,155722.172,460964.156,639562.409,300105.856,293561.677,2.848,2.972,4.319,0.583,1.725,2.393,1.123,1.098
2021-05-01,3207003.962,1111743.83,1365587.358,1406373.336,189325.37,362380.017,1177096.209,749363.813,854045.575,4.16,5.11,5.262,0.708,1.356,4.404,2.804,3.196
2021-06-01,3207003.962,1463092.76,1872357.331,1886065.282,215880.156,268391.224,1663023.041,1194701.536,1376605.825,5.475,7.006,7.057,0.808,1.004,6.223,4.47,5.151
2021-07-01,3207003.962,1367496.254,1909687.083,2115688.354,46755.931,81615.133,1863198.297,1285881.121,1490075.341,5.117,7.146,7.917,0.175,0.305,6.972,4.812,5.576
2021-08-01,3207003.962,999674.06,1413028.565,1728780.94,35499.008,54443.09,1377615.603,945230.97,1067891.124,3.741,5.287,6.469,0.133,0.204,5.155,3.537,3.996
2021-09-01,3207003.962,636514.427,944079.723,1153979.781,414339.416,278868.677,563628.458,357645.75,344549.296,2.382,3.533,4.318,1.55,1.043,2.109,1.338,1.289
2021-10-01,3207003.962,316676.339,451945.283,624269.162,686435.836,252609.971,321.695,64066.368,59434.361,1.185,1.691,2.336,2.569,0.945,0.001,0.24,0.222
2021-11-01,3568729.687,162340.554,263677.062,329974.102,904239.11,154086.802,-56966.008,8253.753,6835.681,0.546,0.887,1.11,3.041,0.518,-0.192,0.028,0.023
2021-12-01,3568729.687,111132.239,143412.166,201557.597,1327418.394,110399.145,-157939.923,733.094,1104.454,0.374,0.482,0.678,4.463,0.371,-0.531,0.002,0.004
2022-01-01,3568729.687,124138.923,138696.195,219937.732,693374.69,119919.426,4197.128,4219.497,5784.701,0.417,0.466,0.74,2.332,0.403,0.014,0.014,0.019
2022-02-01,3568729.687,189091.125,157972.966,368135.375,356003.959,174399.328,23698.742,14691.797,16344.197,0.636,0.531,1.238,1.197,0.586,0.08,0.049,0.055
2022-03-01,3568729.687,437757.71,368019.956,701489.555,461895.032,374602.883,114656.307,63154.827,58457.216,1.472,1.237,2.359,1.553,1.26,0.386,0.212,0.197
2022-04-01,3568729.687,722808.463,707513.826,912247.06,971125.495,592603.207,87204.895,130205.256,110156.343,2.43,2.379,3.067,3.265,1.993,0.293,0.438,0.37
2022-05-01,3568729.687,1075973.941,1127504.416,1232902.744,825034.764,760185.467,499524.569,315788.474,326122.008,3.618,3.791,4.146,2.774,2.556,1.68,1.062,1.097
2022-06-01,3568729.687,1383469.638,1594332.052,1622637.962,627929.026,759076.511,1067247.172,624393.127,659302.149,4.652,5.361,5.456,2.111,2.552,3.589,2.1,2.217
2022-07-01,3568729.687,1581678.298,2091603.292,2156369.061,44616.573,384583.962,2045902.101,1197094.337,1348396.443,5.318,7.033,7.251,0.15,1.293,6.879,4.025,4.534
2022-08-01,3568729.687,1211393.728,1894603.809,1930276.069,59917.0,162991.177,1830215.06,1048402.551,1223577.266,4.073,6.371,6.491,0.201,0.548,6.154,3.525,4.114
2022-09-01,3568729.687,742947.656,1159300.663,1306645.972,115394.346,133038.444,1047694.748,609909.212,704891.213,2.498,3.898,4.394,0.388,0.447,3.523,2.051,2.37
2022-10-01,3568729.687,423939.224,605209.859,772238.512,411786.266,222376.662,333740.333,201562.563,219178.178,1.426,2.035,2.597,1.385,0.748,1.122,0.678,0.737
2022-11-01,3737950.526,156681.802,188883.482,265995.509,1014332.813,154628.088,-246017.767,2053.714,1070.348,0.503,0.606,0.854,3.256,0.496,-0.79,0.007,0.003
2022-12-01,3737950.526,71097.666,106983.111,153903.632,1235536.508,70561.635,-261740.456,536.031,782.755,0.228,0.343,0.494,3.966,0.227,-0.84,0.002,0.003
2023-01-01,3737950.526,97072.258,165782.172,223414.238,580047.994,95956.842,1985.655,1115.416,1381.78,0.312,0.532,0.717,1.862,0.308,0.006,0.004,0.004
2023-02-01,3737950.526,185656.32,189832.929,389305.427,373518.612,181679.105,-33997.219,3977.215,4126.773,0.596,0.609,1.25,1.199,0.583,-0.109,0.013,0.013
2023-03-01,3737950.526,375929.872,410272.852,606562.879,959594.186,361823.424,-54287.331,14106.448,16086.941,1.207,1.317,1.947,3.081,1.162,-0.174,0.045,0.052
2023-04-01,3737950.526,717431.945,592504.809,1020581.832,821083.322,603906.421,293168.842,113525.524,124444.793,2.303,1.902,3.276,2.636,1.939,0.941,0.364,0.4
2023-05-01,3737950.526,1390216.442,1561683.181,1691303.751,374020.001,903277.435,1196206.717,486939.007,506645.309,4.463,5.013,5.43,1.201,2.9,3.84,1.563,1.626
2023-06-01,3737950.526,1530926.169,1907700.858,1906124.335,235865.97,486936.52,1672337.265,1043989.65,1267876.9,4.915,6.124,6.119,0.757,1.563,5.369,3.352,4.07
2023-07-01,3737950.526,1648176.233,2299234.173,2414314.181,11051.704,97237.857,2288397.576,1550938.375,1903594.807,5.291,7.381,7.751,0.035,0.312,7.346,4.979,6.111
2023-08-01,3737950.526,1188783.711,1705433.427,1941586.75,264357.881,283735.239,1446841.165,905048.471,1087928.15,3.816,5.475,6.233,0.849,0.911,4.645,2.905,3.493
2023-09-01,3737950.526,736644.18,1000972.569,1216213.075,404459.463,298525.479,625212.383,438118.701,484278.631,2.365,3.213,3.904,1.298,0.958,2.007,1.406,1.555
2023-10-01,3737950.526,419706.209,581146.392,710442.754,472965.523,264596.188,248083.373,155110.021,176261.703,1.347,1.866,2.281,1.518,0.849,0.796,0.498,0.566
2023-11-01,3712790.527,182934.329,178458.636,292314.982,758497.694,176930.087,-147693.02,6004.242,4422.268,0.591,0.577,0.945,2.452,0.572,-0.477,0.019,0.014
2023-12-01,3712790.527,114688.067,139038.357,219087.963,1215151.456,112600.566,-159630.244,2087.501,2765.611,0.371,0.449,0.708,3.927,0.364,-0.516,0.007,0.009
2024-01-01,3712790.527,128078.638,189787.676,236737.714,1570758.281,126129.531,-211682.905,1949.106,2816.375,0.414,0.613,0.765,5.077,0.408,-0.684,0.006,0.009
2024-02-01,3712790.527,250218.256,315149.451,388034.049,891928.026,243909.528,64389.18,6308.728,9051.53,0.809,1.019,1.254,2.883,0.788,0.208,0.02,0.029
2024-03-01,3712790.527,537450.427,501685.556,751681.251,725624.889,503450.821,62700.656,33999.606,43759.816,1.737,1.621,2.429,2.345,1.627,0.203,0.11,0.141
2024-04-01,3712790.527,868241.926,917450.405,1080449.376,458085.456,685199.954,508427.561,183041.972,198739.31,2.806,2.965,3.492,1.481,2.215,1.643,0.592,0.642
2024-05-01,3712790.527,1336469.461,1551635.201,1522588.003,541087.741,795821.74,1102906.541,540647.72,605690.064,4.32,5.015,4.921,1.749,2.572,3.565,1.747,1.958
2024-06-01,3712790.527,1564730.423,1943396.422,1911757.657,209631.412,527848.363,1745521.739,1036882.06,1190219.403,5.057,6.281,6.179,0.678,1.706,5.642,3.351,3.847
2024-07-01,3712790.527,1639216.229,2267808.978,2376372.025,29647.323,264012.409,2238287.189,1375203.82,1614495.477,5.298,7.33,7.681,0.096,0.853,7.234,4.445,5.218
2024-08-01,3712790.527,1194893.059,1595491.296,1872604.869,139040.878,179675.719,1460107.3,1015217.34,1180067.893,3.862,5.157,6.052,0.449,0.581,4.719,3.281,3.814
2024-09-01,3712790.527,783239.883,1055841.468,1311918.61,184679.537,193201.222,872810.325,590038.661,679790.94,2.531,3.413,4.24,0.597,0.624,2.821,1.907,2.197
2024-10-01,3712790.527,426362.592,517963.212,743202.592,556220.529,259890.328,54542.402,166472.263,163073.085,1.378,1.674,2.402,1.798,0.84,0.176,0.538,0.527
